Index,台化,台化總張數,台塑石化,台塑石化總張數,目前收益
2018-04-09,0,平倉0張,0,平倉0張,0.0
2018-04-10,0,平倉0張,0,平倉0張,0.0
2018-04-11,多1張,多1張,空1.0717488789237668張,空1.0717488789237668張,0.0
2018-04-12,多1張,多2張,空1.085972850678733張,空2.1577217296024997張,0.0
2018-04-16,0,平倉2張,0,平倉2.1577217296024997張,1053.6351041434086
2018-04-17,0,平倉0張,0,平倉0張,1053.6351041434086
2018-04-23,空1張,空1張,多1.1018518518518519張,多1.1018518518518519張,1053.6351041434086
2018-04-24,空1張,空2張,多1.0981308411214954張,多2.1999826929733475張,1053.6351041434086
2018-04-25,空1張,空3張,多1.1209302325581396張,多3.320912925531487張,1053.6351041434086
2018-04-26,空1張,空4張,多1.096774193548387張,多4.417687119079874張,1053.6351041434086
2018-04-27,空1張,空5張,多1.096774193548387張,多5.514461312628261張,1053.6351041434086
2018-04-30,空1張,空6張,多1.1095890410958904張,多6.624050353724151張,1053.6351041434086
2018-05-02,空1張,空7張,多1.085972850678733張,多7.710023204402884張,1053.6351041434086
2018-05-04,0,平倉7張,0,平倉7.710023204402884張,13071.555029833866
2018-05-07,0,平倉0張,0,平倉0張,13071.555029833866
2018-05-08,0,平倉0張,0,平倉0張,13071.555029833866
2018-05-09,0,平倉0張,0,平倉0張,13071.555029833866
2018-05-10,0,平倉0張,0,平倉0張,13071.555029833866
2018-05-14,空1張,空1張,多1.0960698689956332張,多1.0960698689956332張,13071.555029833866
2018-05-15,空1張,空2張,多1.0888888888888888張,多2.184958757884522張,13071.555029833866
2018-05-17,0,平倉2張,0,平倉2.184958757884522張,18080.690049241974
2018-05-18,0,平倉0張,0,平倉0張,18080.690049241974
2018-05-22,多1張,多1張,空1.0729613733905579張,空1.0729613733905579張,18080.690049241974
2018-05-23,多1張,多2張,空1.0472103004291846張,空2.1201716738197423張,18080.690049241974
2018-05-24,多1張,多3張,空1.047008547008547張,空3.167180220828289張,18080.690049241974
2018-05-25,多1張,多4張,空1.065217391304348張,空4.232397612132637張,18080.690049241974
2018-05-28,多1張,多5張,空1.0341880341880343張,空5.266585646320671張,18080.690049241974
2018-05-29,多1張,多6張,空1.025531914893617張,空6.292117561214288張,18080.690049241974
2018-05-30,多1張,多7張,空1.0128755364806867張,空7.304993097694974張,18080.690049241974
2018-05-31,多1張,多8張,空1.0565217391304347張,空8.361514836825409張,18080.690049241974
2018-06-01,多1張,多9張,空1.0608695652173914張,空9.4223844020428張,18080.690049241974
2018-06-04,多1張,多10張,空1.0555555555555556張,空10.477939957598355張,18080.690049241974
2018-06-05,多1張,多11張,空1.051948051948052張,空11.529888009546408張,18080.690049241974
2018-06-06,多1張,多12張,空1.0735930735930737張,空12.603481083139481張,18080.690049241974
2018-06-07,多1張,多13張,空1.0686695278969958張,空13.672150611036477張,18080.690049241974
2018-06-08,多1張,多14張,空1.0689655172413792張,空14.741116128277856張,18080.690049241974
2018-06-11,多1張,多15張,空1.0646551724137931張,空15.80577130069165張,18080.690049241974
2018-06-12,多1張,多16張,空1.0603448275862069張,空16.866116128277856張,18080.690049241974
2018-06-13,多1張,多17張,空1.0476190476190477張,空17.913735175896903張,18080.690049241974
2018-06-14,多1張,多18張,空1.052863436123348張,空18.966598612020253張,18080.690049241974
2018-06-15,多1張,多19張,空1.0755555555555556張,空20.04215416757581張,18080.690049241974
2018-06-19,多1張,多20張,空1.0675675675675675張,空21.109721735143378張,18080.690049241974
2018-06-20,多1張,多21張,空1.056768558951965張,空22.166490294095343張,18080.690049241974
2018-06-21,多1張,多22張,空1.0346320346320346張,空23.20112232872738張,18080.690049241974
2018-06-25,多1張,多23張,空1.0127118644067796張,空24.213834193134158張,18080.690049241974
2018-06-26,多1張,多24張,空1.0296610169491525張,空25.24349521008331張,18080.690049241974
2018-06-27,多1張,多25張,空1.0254237288135593張,空26.26891893889687張,18080.690049241974
2018-06-28,多1張,多26張,空1.0297872340425531張,空27.298706172939426張,18080.690049241974
2018-06-29,多1張,多27張,空1.008230452674897張,空28.306936625614323張,18080.690049241974
2018-07-02,多1張,多28張,空0.979757085020243張,空29.286693710634566張,18080.690049241974
2018-07-03,多1張,多29張,空0.9919354838709677張,空30.278629194505534張,18080.690049241974
2018-07-04,多1張,多30張,空0.9094488188976378張,空31.18807801340317張,18080.690049241974
2018-07-05,多1張,多31張,空1.0214592274678111張,空32.20953724087098張,18080.690049241974
2018-07-06,多1張,多32張,空1.0265486725663717張,空33.23608591343735張,18080.690049241974
2018-07-09,多1張,多33張,空1.0173160173160174張,空34.25340193075337張,18080.690049241974
2018-07-10,多1張,多34張,空1.0305676855895196張,空35.28396961634289張,18080.690049241974
2018-07-11,多1張,多35張,空1.043859649122807張,空36.327829265465695張,18080.690049241974
2018-07-12,多1張,多36張,空1.0394736842105263張,空37.36730294967622張,18080.690049241974
2018-07-13,多1張,多37張,空1.0476190476190477張,空38.414921997295274張,18080.690049241974
2018-07-16,多1張,多38張,空1.039301310043668張,空39.45422330733894張,18080.690049241974
2018-07-17,多1張,多39張,空1.0533333333333332張,空40.50755664067228張,18080.690049241974
2018-07-18,0,平倉39張,0,平倉40.50755664067228張,106724.63289076745
2018-07-19,0,平倉0張,0,平倉0張,106724.63289076745
2018-07-20,0,平倉0張,0,平倉0張,106724.63289076745
2018-07-23,空1張,空1張,多1.0614035087719298張,多1.0614035087719298張,106724.63289076745
2018-07-24,0,平倉1張,0,平倉1.0614035087719298張,109000.2774083113
2018-07-25,0,平倉0張,0,平倉0張,109000.2774083113
2018-07-26,0,平倉0張,0,平倉0張,109000.2774083113
2018-07-30,多1張,多1張,空1.0042194092827004張,空1.0042194092827004張,109000.2774083113
2018-07-31,多1張,多2張,空1.0張,空2.0042194092827張,109000.2774083113
2018-08-01,多1張,多3張,空1.0041666666666667張,空3.0083860759493666張,109000.2774083113
2018-08-02,多1張,多4張,空1.0042372881355932張,空4.01262336408496張,109000.2774083113
2018-08-03,多1張,多5張,空1.021097046413502張,空5.0337204104984625張,109000.2774083113
2018-08-06,多1張,多6張,空1.0210084033613445張,空6.054728813859807張,109000.2774083113
2018-08-07,多1張,多7張,空0.9916666666666667張,空7.046395480526474張,109000.2774083113
2018-08-08,多1張,多8張,空1.0張,空8.046395480526474張,109000.2774083113
2018-08-09,多1張,多9張,空1.00418410041841張,空9.050579580944884張,109000.2774083113
2018-08-10,多1張,多10張,空1.0126050420168067張,空10.06318462296169張,109000.2774083113
2018-08-13,多1張,多11張,空1.0213675213675213張,空11.084552144329212張,109000.2774083113
2018-08-14,多1張,多12張,空1.021186440677966張,空12.105738585007177張,109000.2774083113
2018-08-15,多1張,多13張,空1.021186440677966張,空13.126925025685143張,109000.2774083113
2018-08-16,多1張,多14張,空1.0168776371308017張,空14.143802662815945張,109000.2774083113
2018-08-17,多1張,多15張,空1.0254237288135593張,空15.169226391629504張,109000.2774083113
2018-08-20,0,平倉15張,0,平倉15.169226391629504張,173936.4665478961
2018-08-21,0,平倉0張,0,平倉0張,173936.4665478961
2018-08-22,0,平倉0張,0,平倉0張,173936.4665478961
2018-08-23,0,平倉0張,0,平倉0張,173936.4665478961
2018-08-24,0,平倉0張,0,平倉0張,173936.4665478961
2018-08-27,0,平倉0張,0,平倉0張,173936.4665478961
2018-08-28,0,平倉0張,0,平倉0張,173936.4665478961
2018-08-29,0,平倉0張,0,平倉0張,173936.4665478961
2018-08-30,空1張,空1張,多1.02880658436214張,多1.02880658436214張,173936.4665478961
2018-08-31,0,平倉1張,0,平倉1.02880658436214張,174119.80235036524
2018-09-03,0,平倉0張,0,平倉0張,174119.80235036524
2018-09-05,0,平倉0張,0,平倉0張,174119.80235036524
2018-09-06,空1張,空1張,多1.0376569037656904張,多1.0376569037656904張,174119.80235036524
2018-09-07,空1張,空2張,多1.0291666666666666張,多2.0668235704323568張,174119.80235036524
2018-09-10,空1張,空3張,多1.0506329113924051張,多3.117456481824762張,174119.80235036524
2018-09-11,空1張,空4張,多1.0590717299578059張,多4.176528211782568張,174119.80235036524
2018-09-12,空1張,空5張,多1.0805084745762712張,多5.257036686358839張,174119.80235036524
2018-09-13,空1張,空6張,多1.103734439834025張,多6.360771126192864張,174119.80235036524
2018-09-14,空1張,空7張,多1.0864197530864197張,多7.447190879279283張,174119.80235036524
2018-09-17,空1張,空8張,多1.0702479338842976張,多8.517438813163581張,174119.80235036524
2018-09-18,空1張,空9張,多1.0950413223140496張,多9.61248013547763張,174119.80235036524
2018-09-19,空1張,空10張,多1.1229508196721312張,多10.735430955149761張,174119.80235036524
2018-09-20,空1張,空11張,多1.139344262295082張,多11.874775217444842張,174119.80235036524
2018-09-21,空1張,空12張,多1.1484375張,多13.023212717444842張,174119.80235036524
2018-09-25,空1張,空13張,多1.1225296442687747張,多14.145742361713618張,174119.80235036524
2018-09-26,空1張,空14張,多1.168張,多15.313742361713617張,174119.80235036524
2018-09-27,空1張,空15張,多1.1607843137254903張,多16.474526675439108張,174119.80235036524
2018-09-28,空1張,空16張,多1.15625張,多17.630776675439108張,174119.80235036524
2018-10-01,空1張,空17張,多1.1556420233463034張,多18.78641869878541張,174119.80235036524
2018-10-02,空1張,空18張,多1.1574803149606299張,多19.94389901374604張,174119.80235036524
2018-10-03,空1張,空19張,多1.1244979919678715張,多21.068397005713912張,174119.80235036524
2018-10-04,空1張,空20張,多1.1088709677419355張,多22.177267973455848張,174119.80235036524
2018-10-05,空1張,空21張,多1.099585062240664張,多23.27685303569651張,174119.80235036524
2018-10-08,空1張,空22張,多1.0946502057613168張,多24.371503241457827張,174119.80235036524
2018-10-09,空1張,空23張,多1.0887096774193548張,多25.460212918877183張,174119.80235036524
2018-10-11,空1張,空24張,多1.1096491228070176張,多26.5698620416842張,174119.80235036524
2018-10-12,空1張,空25張,多1.0717299578059072張,多27.641591999490107張,174119.80235036524
2018-10-15,空1張,空26張,多1.0649350649350648張,多28.70652706442517張,174119.80235036524
2018-10-16,空1張,空27張,多1.0865800865800865張,多29.793107151005255張,174119.80235036524
2018-10-17,空1張,空28張,多1.074235807860262張,多30.867342958865517張,174119.80235036524
2018-10-18,空1張,空29張,多1.0789473684210527張,多31.94629032728657張,174119.80235036524
2018-10-23,0,平倉29張,0,平倉31.94629032728657張,279426.79543379636
2018-10-24,0,平倉0張,0,平倉0張,279426.79543379636
2018-10-25,0,平倉0張,0,平倉0張,279426.79543379636
2018-10-30,空1張,空1張,多1.0972222222222223張,多1.0972222222222223張,279426.79543379636
2018-10-31,空1張,空2張,多1.0892857142857142張,多2.1865079365079367張,279426.79543379636
2018-11-01,空1張,空3張,多1.1090909090909091張,多3.295598845598846張,279426.79543379636
2018-11-02,空1張,空4張,多1.1055045871559632張,多4.401103432754809張,279426.79543379636
2018-11-05,空1張,空5張,多1.0896860986547086張,多5.490789531409518張,279426.79543379636
2018-11-06,空1張,空6張,多1.0954545454545455張,多6.586244076864063張,279426.79543379636
2018-11-07,空1張,空7張,多1.085972850678733張,多7.672216927542796張,279426.79543379636
2018-11-08,空1張,空8張,多1.0863636363636364張,多8.758580563906433張,279426.79543379636
2018-11-09,空1張,空9張,多1.0883720930232559張,多9.84695265692969張,279426.79543379636
2018-11-12,空1張,空10張,多1.0883720930232559張,多10.935324749952946張,279426.79543379636
2018-11-13,0,平倉10張,0,平倉10.935324749952946張,310769.0590814203
2018-11-14,0,平倉0張,0,平倉0張,310769.0590814203
2018-11-16,多1張,多1張,空1.037037037037037張,空1.037037037037037張,310769.0590814203
2018-11-19,多1張,多2張,空1.0648148148148149張,空2.101851851851852張,310769.0590814203
2018-11-20,多1張,多3張,空1.069767441860465張,空3.1716192937123173張,310769.0590814203
2018-11-21,多1張,多4張,空1.0467289719626167張,空4.218348265674934張,310769.0590814203
2018-11-22,多1張,多5張,空1.069767441860465張,空5.2881157075353995張,310769.0590814203
2018-11-23,多1張,多6張,空1.060747663551402張,空6.348863371086802張,310769.0590814203
2018-11-26,多1張,多7張,空1.056338028169014張,空7.405201399255816張,310769.0590814203
2018-11-27,多1張,多8張,空1.0813397129186604張,空8.486541112174477張,310769.0590814203
2018-11-28,多1張,多9張,空1.0909090909090908張,空9.577450203083568張,310769.0590814203
2018-11-29,多1張,多10張,空1.062200956937799張,空10.639651160021367張,310769.0590814203
2018-11-30,多1張,多11張,空1.0469483568075117張,空11.68659951682888張,310769.0590814203
2018-12-03,多1張,多12張,空1.0744186046511628張,空12.761018121480042張,310769.0590814203
2018-12-04,多1張,多13張,空1.0514018691588785張,空13.81241999063892張,310769.0590814203
2018-12-05,多1張,多14張,空1.0660377358490567張,空14.878457726487976張,310769.0590814203
2018-12-06,多1張,多15張,空1.04739336492891張,空15.925851091416886張,310769.0590814203
2018-12-07,多1張,多16張,空1.0710900473933649張,空16.99694113881025張,310769.0590814203
2018-12-10,多1張,多17張,空1.0761904761904761張,空18.073131615000726張,310769.0590814203
2018-12-11,多1張,多18張,空1.0717703349282297張,空19.144901949928954張,310769.0590814203
2018-12-12,多1張,多19張,空1.066350710900474張,空20.211252660829427張,310769.0590814203
2018-12-13,多1張,多20張,空1.0710900473933649張,空21.282342708222792張,310769.0590814203
2018-12-14,多1張,多21張,空1.0571428571428572張,空22.33948556536565張,310769.0590814203
2018-12-17,多1張,多22張,空1.066350710900474張,空23.405836276266122張,310769.0590814203
2018-12-18,多1張,多23張,空1.04739336492891張,空24.453229641195033張,310769.0590814203
2018-12-19,多1張,多24張,空1.0518867924528301張,空25.505116433647864張,310769.0590814203
2018-12-20,多1張,多25張,空1.0330188679245282張,空26.538135301572392張,310769.0590814203
2018-12-21,多1張,多26張,空1.0380952380952382張,空27.57623053966763張,310769.0590814203
2018-12-24,多1張,多27張,空1.0145631067961165張,空28.590793646463748張,310769.0590814203
2018-12-25,多1張,多28張,空1.0147783251231528張,空29.6055719715869張,310769.0590814203
2018-12-26,多1張,多29張,空1.03張,空30.635571971586902張,310769.0590814203
2018-12-27,多1張,多30張,空1.0682926829268293張,空31.70386465451373張,310769.0590814203
2018-12-28,多1張,多31張,空1.0380952380952382張,空32.74195989260897張,310769.0590814203
2019-01-02,多1張,多32張,空1.0330993289799197張,空33.77505922158889張,310769.0590814203
2019-01-03,多1張,多33張,空1.04張,空34.81505922158889張,310769.0590814203
2019-01-04,多1張,多34張,空1.0470941569009773張,空35.862153378489865張,310769.0590814203
2019-01-07,多1張,多35張,空1.0430622009569377張,空36.9052155794468張,310769.0590814203
2019-01-08,多1張,多36張,空1.0046728971962617張,空37.90988847664307張,310769.0590814203
2019-01-09,多1張,多37張,空1.0506912442396312張,空38.9605797208827張,310769.0590814203
2019-01-10,多1張,多38張,空1.0420560747663552張,空40.002635795649056張,310769.0590814203
2019-01-11,多1張,多39張,空1.0424528301886793張,空41.045088625837735張,310769.0590814203
2019-01-14,多1張,多40張,空1.0330188679245282張,空42.07810749376226張,310769.0590814203
2019-01-15,多1張,多41張,空1.0471698113207548張,空43.12527730508302張,310769.0590814203
2019-01-16,多1張,多42張,空1.033175355450237張,空44.15845266053326張,310769.0590814203
2019-01-17,多1張,多43張,空1.0234741784037558張,空45.18192683893701張,310769.0590814203
2019-01-18,多1張,多44張,空1.0375586854460095張,空46.21948552438302張,310769.0590814203
2019-01-21,多1張,多45張,空1.037037037037037張,空47.256522561420056張,310769.0590814203
2019-01-22,多1張,多46張,空1.0277777777777777張,空48.284300339197834張,310769.0590814203
2019-01-23,多1張,多47張,空1.0328638497652582張,空49.31716418896309張,310769.0590814203
2019-01-24,多1張,多48張,空1.0238095238095237張,空50.340973712772616張,310769.0590814203
2019-01-25,多1張,多49張,空1.0093023255813953張,空51.35027603835401張,310769.0590814203
2019-01-28,多1張,多50張,空1.0232558139534884張,空52.3735318523075張,310769.0590814203
2019-01-29,多1張,多51張,空1.0235849056603774張,空53.39711675796788張,310769.0590814203
2019-01-30,多1張,多52張,空1.0093896713615023張,空54.40650642932938張,310769.0590814203
2019-02-11,多1張,多53張,空1.0289855072463767張,空55.43549193657576張,310769.0590814203
2019-02-12,多1張,多54張,空1.0430622009569377張,空56.4785541375327張,310769.0590814203
2019-02-13,多1張,多55張,空1.0483091787439613張,空57.52686331627666張,310769.0590814203
2019-02-14,0,平倉55張,0,平倉57.52686331627666張,470671.7930451758
2019-02-15,0,平倉0張,0,平倉0張,470671.7930451758
2019-02-19,空1張,空1張,多1.1004784688995215張,多1.1004784688995215張,470671.7930451758
2019-02-20,空1張,空2張,多1.099526066350711張,多2.2000045352502324張,470671.7930451758
2019-02-21,空1張,空3張,多1.1042654028436019張,多3.3042699380938343張,470671.7930451758
2019-02-22,空1張,空4張,多1.0849056603773586張,多4.389175598471192張,470671.7930451758
2019-02-25,空1張,空5張,多1.0841121495327102張,多5.473287748003902張,470671.7930451758
2019-02-26,空1張,空6張,多1.1037735849056605張,多6.577061332909563張,470671.7930451758
2019-02-27,空1張,空7張,多1.1042654028436019張,多7.6813267357531645張,470671.7930451758
2019-03-04,空1張,空8張,多1.0938967136150235張,多8.775223449368188張,470671.7930451758
2019-03-05,空1張,空9張,多1.0938967136150235張,多9.869120162983211張,470671.7930451758
2019-03-06,空1張,空10張,多1.0930232558139534張,多10.962143418797165張,470671.7930451758
2019-03-07,空1張,空11張,多1.0737327188940091張,多12.035876137691174張,470671.7930451758
2019-03-08,空1張,空12張,多1.0691244239631337張,多13.105000561654307張,470671.7930451758
2019-03-11,空1張,空13張,多1.0648148148148149張,多14.169815376469122張,470671.7930451758
2019-03-12,空1張,空14張,多1.0599078341013826張,多15.229723210570505張,470671.7930451758
2019-03-13,空1張,空15張,多1.0509259259259258張,多16.280649136496432張,470671.7930451758
2019-03-14,0,平倉15張,0,平倉16.280649136496432張,535953.5832789453
2019-03-15,0,平倉0張,0,平倉0張,535953.5832789453
2019-03-18,0,平倉0張,0,平倉0張,535953.5832789453
2019-03-19,0,平倉0張,0,平倉0張,535953.5832789453
2019-03-20,0,平倉0張,0,平倉0張,535953.5832789453
2019-03-21,0,平倉0張,0,平倉0張,535953.5832789453
2019-03-22,0,平倉0張,0,平倉0張,535953.5832789453
2019-03-25,0,平倉0張,0,平倉0張,535953.5832789453
2019-03-26,0,平倉0張,0,平倉0張,535953.5832789453
2019-03-27,0,平倉0張,0,平倉0張,535953.5832789453
2019-03-28,0,平倉0張,0,平倉0張,535953.5832789453
2019-03-29,多1張,多1張,空1.03125張,空1.03125張,535953.5832789453
2019-04-01,多1張,多2張,空1.0318181818181817張,空2.0630681818181817張,535953.5832789453
2019-04-02,多1張,多3張,空1.0318181818181817張,空3.0948863636363635張,535953.5832789453
2019-04-03,多1張,多4張,空1.0504587155963303張,空4.145345079232694張,535953.5832789453
2019-04-08,多1張,多5張,空1.0412844036697249張,空5.186629482902418張,535953.5832789453
2019-04-09,多1張,多6張,空1.0504587155963303張,空6.237088198498749張,535953.5832789453
2019-04-11,0,平倉6張,0,平倉6.237088198498749張,525930.0678689682
2019-04-15,0,平倉0張,0,平倉0張,525930.0678689682
2019-04-16,0,平倉0張,0,平倉0張,525930.0678689682
2019-04-17,0,平倉0張,0,平倉0張,525930.0678689682
2019-04-18,0,平倉0張,0,平倉0張,525930.0678689682
2019-04-19,0,平倉0張,0,平倉0張,525930.0678689682
2019-04-22,0,平倉0張,0,平倉0張,525930.0678689682
2019-04-23,0,平倉0張,0,平倉0張,525930.0678689682
2019-04-24,0,平倉0張,0,平倉0張,525930.0678689682
2019-04-25,0,平倉0張,0,平倉0張,525930.0678689682
2019-04-26,0,平倉0張,0,平倉0張,525930.0678689682
2019-04-29,0,平倉0張,0,平倉0張,525930.0678689682
2019-04-30,多1張,多1張,空1.0315315315315314張,空1.0315315315315314張,525930.0678689682
2019-05-02,多1張,多2張,空1.0176991150442478張,空2.0492306465757792張,525930.0678689682
2019-05-03,多1張,多3張,空1.03125張,空3.0804806465757792張,525930.0678689682
2019-05-06,多1張,多4張,空1.018018018018018張,空4.098498664593797張,525930.0678689682
2019-05-07,多1張,多5張,空1.0319634703196348張,空5.130462134913432張,525930.0678689682
2019-05-08,多1張,多6張,空1.0184331797235022張,空6.148895314636935張,525930.0678689682
2019-05-09,多1張,多7張,空1.009433962264151張,空7.158329276901085張,525930.0678689682
2019-05-10,多1張,多8張,空0.9953271028037384張,空8.153656379704824張,525930.0678689682
2019-05-13,多1張,多9張,空1.0046948356807512張,空9.158351215385576張,525930.0678689682
2019-05-14,多1張,多10張,空1.009433962264151張,空10.167785177649726張,525930.0678689682
2019-05-15,多1張,多11張,空1.028301886792453張,空11.19608706444218張,525930.0678689682
2019-05-16,多1張,多12張,空1.0471698113207548張,空12.243256875762935張,525930.0678689682
2019-05-20,0,平倉12張,0,平倉12.243256875762935張,586076.8415702024
2019-05-21,0,平倉0張,0,平倉0張,586076.8415702024
2019-05-22,空1張,空1張,多1.0841121495327102張,多1.0841121495327102張,586076.8415702024
2019-05-23,空1張,空2張,多1.0892018779342723張,多2.1733140274669824張,586076.8415702024
2019-05-24,空1張,空3張,多1.0849056603773586張,多3.258219687844341張,586076.8415702024
2019-05-27,空1張,空4張,多1.0892018779342723張,多4.347421565778613張,586076.8415702024
2019-05-28,空1張,空5張,多1.0610328638497653張,多5.408454429628378張,586076.8415702024
2019-05-29,空1張,空6張,多1.0704225352112675張,多6.478876964839646張,586076.8415702024
2019-05-30,空1張,空7張,多1.074766355140187張,多7.553643319979833張,586076.8415702024
2019-05-31,空1張,空8張,多1.0790697674418606張,多8.632713087421694張,586076.8415702024
2019-06-03,空1張,空9張,多1.0892018779342723張,多9.721914965355966張,586076.8415702024
2019-06-04,空1張,空10張,多1.07981220657277張,多10.801727171928736張,586076.8415702024
2019-06-05,空1張,空11張,多1.083720930232558張,多11.885448102161295張,586076.8415702024
2019-06-06,空1張,空12張,多1.069767441860465張,多12.95521554402176張,586076.8415702024
2019-06-10,空1張,空13張,多1.0790697674418606張,多14.03428531146362張,586076.8415702024
2019-06-11,空1張,空14張,多1.0648148148148149張,多15.099100126278435張,586076.8415702024
2019-06-12,空1張,空15張,多1.0456621004566211張,多16.144762226735057張,586076.8415702024
2019-06-13,0,平倉15張,0,平倉16.144762226735057張,655094.1230022989
2019-06-14,0,平倉0張,0,平倉0張,655094.1230022989
2019-06-17,0,平倉0張,0,平倉0張,655094.1230022989
2019-06-18,多1張,多1張,空1.0448430493273542張,空1.0448430493273542張,655094.1230022989
2019-06-19,0,平倉1張,0,平倉1.0448430493273542張,656236.0820269625
2019-06-20,0,平倉0張,0,平倉0張,656236.0820269625
2019-06-21,0,平倉0張,0,平倉0張,656236.0820269625
2019-06-25,多1張,多1張,空1.0136363636363637張,空1.0136363636363637張,656236.0820269625
2019-06-26,0,平倉1張,0,平倉1.0136363636363637張,663539.6658905989
2019-06-27,0,平倉0張,0,平倉0張,663539.6658905989
2019-06-28,0,平倉0張,0,平倉0張,663539.6658905989
2019-07-01,0,平倉0張,0,平倉0張,663539.6658905989
2019-07-02,空1張,空1張,多1.0746268656716418張,多1.0746268656716418張,663539.6658905989
2019-07-03,空1張,空2張,多1.064676616915423張,多2.1393034825870645張,663539.6658905989
2019-07-04,空1張,空3張,多1.075張,多3.2143034825870647張,663539.6658905989
2019-07-05,空1張,空4張,多1.07張,多4.284303482587065張,663539.6658905989
2019-07-08,空1張,空5張,多1.0757575757575757張,多5.360061058344641張,663539.6658905989
2019-07-09,空1張,空6張,多1.0913705583756346張,多6.451431616720276張,663539.6658905989
2019-07-10,空1張,空7張,多1.0840932447039486張,多7.535524861424225張,663539.6658905989
2019-07-11,空1張,空8張,多1.0935910144377106張,多8.629115875861935張,663539.6658905989
2019-07-12,空1張,空9張,多1.092479652591877張,多9.721595528453811張,663539.6658905989
2019-07-15,空1張,空10張,多1.1042944446535445張,多10.825889973107355張,663539.6658905989
2019-07-16,空1張,空11張,多1.0980592216943978張,多11.923949194801752張,663539.6658905989
2019-07-17,空1張,空12張,多1.107106099013514張,多13.031055293815266張,663539.6658905989
2019-07-18,空1張,空13張,多1.0950412883768195張,多14.126096582192085張,663539.6658905989
2019-07-19,空1張,空14張,多1.1036269430051813張,多15.229723525197267張,663539.6658905989
2019-07-22,空1張,空15張,多1.1139896373056994張,多16.343713162502965張,663539.6658905989
2019-07-23,空1張,空16張,多1.115145205079975張,多17.45885836758294張,663539.6658905989
2019-07-24,空1張,空17張,多1.1018711362329876張,多18.560729503815928張,663539.6658905989
2019-07-25,空1張,空18張,多1.1134235403418011張,多19.67415304415773張,663539.6658905989
2019-07-26,空1張,空19張,多1.109375張,多20.78352804415773張,663539.6658905989
2019-07-29,空1張,空20張,多1.1280167535776469張,多21.911544797735377張,663539.6658905989
2019-07-30,空1張,空21張,多1.1251314642509247張,多23.0366762619863張,663539.6658905989
2019-07-31,空1張,空22張,多1.1157894736842104張,多24.15246573567051張,663539.6658905989
2019-08-01,空1張,空23張,多1.118210838802751張,多25.27067657447326張,663539.6658905989
2019-08-02,空1張,空24張,多1.141304347826087張,多26.411980922299346張,663539.6658905989
2019-08-05,空1張,空25張,多1.1423841311784577張,多27.554365053477802張,663539.6658905989
2019-08-06,空1張,空26張,多1.1434977963059798張,多28.69786284978378張,663539.6658905989
2019-08-07,空1張,空27張,多1.133557825669087張,多29.83142067545287張,663539.6658905989
2019-08-08,空1張,空28張,多1.1343115380205764張,多30.965732213473444張,663539.6658905989
2019-08-12,空1張,空29張,多1.1614402128092964張,多32.12717242628274張,663539.6658905989
2019-08-13,空1張,空30張,多1.147161026170532張,多33.27433345245327張,663539.6658905989
2019-08-14,空1張,空31張,多1.1445086705202312張,多34.4188421229735張,663539.6658905989
2019-08-15,空1張,空32張,多1.116060886891176張,多35.53490300986468張,663539.6658905989
2019-08-16,空1張,空33張,多1.146171768428252張,多36.68107477829293張,663539.6658905989
2019-08-19,空1張,空34張,多1.1380510604890162張,多37.81912583878195張,663539.6658905989
2019-08-20,空1張,空35張,多1.1228473621778958張,多38.94197320095984張,663539.6658905989
2019-08-21,空1張,空36張,多1.1265822755677266張,多40.06855547652757張,663539.6658905989
2019-08-22,空1張,空37張,多1.1280277552950781張,多41.19658323182265張,663539.6658905989
2019-08-23,空1張,空38張,多1.1195402528735632張,多42.31612348469621張,663539.6658905989
2019-08-26,空1張,空39張,多1.1121495236483534張,多43.42827300834457張,663539.6658905989
2019-08-27,空1張,空40張,多1.1169590643274854張,多44.54523207267206張,663539.6658905989
2019-08-28,空1張,空41張,多1.116333751265188張,多45.661565823937245張,663539.6658905989
2019-08-29,空1張,空42張,多1.1047729894115719張,多46.76633881334882張,663539.6658905989
2019-08-30,空1張,空43張,多1.1032917049555437張,多47.86963051830436張,663539.6658905989
2019-09-02,空1張,空44張,多1.1005714628571428張,多48.9702019811615張,663539.6658905989
2019-09-03,空1張,空45張,多1.1071427958360784張,多50.07734477699758張,663539.6658905989
2019-09-04,空1張,空46張,多1.1050228905256367張,多51.182367667523216張,663539.6658905989
2019-09-05,0,平倉46張,0,平倉51.182367667523216張,746442.7759175302
2019-09-06,0,平倉0張,0,平倉0張,746442.7759175302
2019-09-10,0,平倉0張,0,平倉0張,746442.7759175302
2019-09-12,多1張,多1張,空1.0852018638520806張,空1.0852018638520806張,746442.7759175302
2019-09-16,0,平倉1張,0,平倉1.0852018638520806張,750857.1086170417
2019-09-17,0,平倉0張,0,平倉0張,750857.1086170417
2019-09-18,0,平倉0張,0,平倉0張,750857.1086170417
2019-09-19,0,平倉0張,0,平倉0張,750857.1086170417
2019-09-20,空1張,空1張,多1.1160220994475138張,多1.1160220994475138張,750857.1086170417
2019-09-23,空1張,空2張,多1.1160714534837377張,多2.232093552931252張,750857.1086170417
2019-09-26,空1張,空3張,多1.1230067725624109張,多3.3551003254936624張,750857.1086170417
2019-09-27,空1張,空4張,多1.1326412964005061張,多4.487741621894169張,750857.1086170417
2019-10-01,空1張,空5張,多1.1525229754308364張,多5.640264597325006張,750857.1086170417
2019-10-02,空1張,空6張,多1.1366245955596923張,多6.776889192884698張,750857.1086170417
2019-10-03,空1張,空7張,多1.126157416061171張,多7.9030466089458695張,750857.1086170417
2019-10-04,空1張,空8張,多1.1238425434295707張,多9.02688915237544張,750857.1086170417
2019-10-07,空1張,空9張,多1.1211072706265492張,多10.14799642300199張,750857.1086170417
2019-10-08,0,平倉9張,0,平倉10.14799642300199張,763745.7287783836
2019-10-09,0,平倉0張,0,平倉0張,763745.7287783836
2019-10-14,0,平倉0張,0,平倉0張,763745.7287783836
2019-10-15,多1張,多1張,空1.1020408197973068張,空1.1020408197973068張,763745.7287783836
2019-10-16,多1張,多2張,空1.1136363636363635張,空2.2156771834336704張,763745.7287783836
2019-10-17,多1張,多3張,空1.1069397131526801張,空3.3226168965863505張,763745.7287783836
2019-10-18,多1張,多4張,空1.0953462223688133張,空4.417963118955164張,763745.7287783836
2019-10-21,多1張,多5張,空1.097505740277973張,空5.515468859233137張,763745.7287783836
2019-10-22,多1張,多6張,空1.095505617977528張,空6.610974477210665張,763745.7287783836
2019-10-23,多1張,多7張,空1.0949152768361583張,空7.705889754046824張,763745.7287783836
2019-10-24,多1張,多8張,空1.091722548283612張,空8.797612302330435張,763745.7287783836
2019-10-25,多1張,多9張,空1.096846832313733張,空9.894459134644169張,763745.7287783836
2019-10-28,多1張,多10張,空1.0899887493815805張,空10.98444788402575張,763745.7287783836
2019-10-29,多1張,多11張,空1.0924465081999948張,空12.076894392225745張,763745.7287783836
2019-10-30,多1張,多12張,空1.104377151613404張,空13.181271543839149張,763745.7287783836
2019-10-31,多1張,多13張,空1.093679505500666張,空14.274951049339816張,763745.7287783836
2019-11-01,多1張,多14張,空1.095505617977528張,空15.370456667317344張,763745.7287783836
2019-11-04,多1張,多15張,空1.0899001018845749張,空16.46035676920192張,763745.7287783836
2019-11-05,多1張,多16張,空1.0904079963751268張,空17.550764765577046張,763745.7287783836
2019-11-06,多1張,多17張,空1.0912124117639064張,空18.64197717734095張,763745.7287783836
2019-11-07,多1張,多18張,空1.0973153893218033張,空19.739292566662755張,763745.7287783836
2019-11-08,多1張,多19張,空1.111612190922622張,空20.850904757585376張,763745.7287783836
2019-11-11,多1張,多20張,空1.1074285942857143張,空21.95833335187109張,763745.7287783836
2019-11-12,多1張,多21張,空1.1049031392783286張,空23.063236491149418張,763745.7287783836
2019-11-13,多1張,多22張,空1.10550464812516張,空24.168741139274577張,763745.7287783836
2019-11-14,多1張,多23張,空1.0994285371428572張,空25.268169676417433張,763745.7287783836
2019-11-15,多1張,多24張,空1.099542286051664張,空26.367711962469098張,763745.7287783836
2019-11-18,多1張,多25張,空1.1086956496865985張,空27.476407612155697張,763745.7287783836
2019-11-19,多1張,多26張,空1.1068965862068967張,空28.583304198362594張,763745.7287783836
2019-11-20,0,平倉26張,0,平倉28.583304198362594張,803576.5730121685
2019-11-21,0,平倉0張,0,平倉0張,803576.5730121685
2019-11-22,0,平倉0張,0,平倉0張,803576.5730121685
2019-11-25,0,平倉0張,0,平倉0張,803576.5730121685
2019-11-26,0,平倉0張,0,平倉0張,803576.5730121685
2019-11-27,0,平倉0張,0,平倉0張,803576.5730121685
2019-11-29,多1張,多1張,空1.099656319599439張,空1.099656319599439張,803576.5730121685
2019-12-02,多1張,多2張,空1.103448275862069張,空2.2031045954615083張,803576.5730121685
2019-12-03,多1張,多3張,空1.0965517471264368張,空3.2996563425879453張,803576.5730121685
2019-12-04,多1張,多4張,空1.0975889804268422張,空4.397245323014787張,803576.5730121685
2019-12-05,多1張,多5張,空1.1016166767117015張,空5.498861999726489張,803576.5730121685
2019-12-06,多1張,多6張,空1.104959703747164張,空6.603821703473653張,803576.5730121685
2019-12-09,多1張,多7張,空1.1028901965317919張,空7.706711900005445張,803576.5730121685
2019-12-10,多1張,多8張,空1.1003460819035553張,空8.807057981909張,803576.5730121685
2019-12-11,多1張,多9張,空1.1014994614128994張,空9.9085574433219張,803576.5730121685
2019-12-12,多1張,多10張,空1.0901826732918418張,空10.998740116613742張,803576.5730121685
2019-12-13,多1張,多11張,空1.104718041318342張,空12.103458157932085張,803576.5730121685
2019-12-16,0,平倉11張,0,平倉12.103458157932085張,815539.4977768029
2019-12-17,0,平倉0張,0,平倉0張,815539.4977768029
2019-12-18,0,平倉0張,0,平倉0張,815539.4977768029
2019-12-19,0,平倉0張,0,平倉0張,815539.4977768029
2019-12-20,0,平倉0張,0,平倉0張,815539.4977768029
2019-12-23,0,平倉0張,0,平倉0張,815539.4977768029
2019-12-24,0,平倉0張,0,平倉0張,815539.4977768029
2019-12-26,多1張,多1張,空1.0924465081999948張,空1.0924465081999948張,815539.4977768029
2019-12-27,0,平倉1張,0,平倉1.0924465081999948張,816523.30388501
2019-12-30,0,平倉0張,0,平倉0張,816523.30388501
2019-12-31,0,平倉0張,0,平倉0張,816523.30388501
2020-01-02,0,平倉0張,0,平倉0張,816523.30388501
2020-01-03,空1張,空1張,多1.1399548790057534張,多1.1399548790057534張,816523.30388501
2020-01-06,空1張,空2張,多1.152542372881356張,多2.2924972518871094張,816523.30388501
2020-01-07,空1張,空3張,多1.144164733543141張,多3.4366619854302503張,816523.30388501
2020-01-08,空1張,空4張,多1.152425003520208張,多4.589086988950458張,816523.30388501
2020-01-09,空1張,空5張,多1.1250000157683493張,多5.714087004718808張,816523.30388501
2020-01-10,空1張,空6張,多1.1251435390388873張,多6.8392305437576955張,816523.30388501
2020-01-13,空1張,空7張,多1.1142857142857143張,多7.953516258043409張,816523.30388501
2020-01-15,0,平倉7張,0,平倉7.953516258043409張,836918.259732456
2020-01-16,0,平倉0張,0,平倉0張,836918.259732456
2020-01-17,0,平倉0張,0,平倉0張,836918.259732456
2020-01-20,多1張,多1張,空1.098639515826741張,空1.098639515826741張,836918.259732456
2020-01-31,多1張,多2張,空1.0588928136892153張,空2.1575323295159565張,836918.259732456
2020-02-03,多1張,多3張,空1.044152707249903張,空3.2016850367658596張,836918.259732456
2020-02-04,多1張,多4張,空1.0538922155688624張,空4.255577252334722張,836918.259732456
2020-02-05,多1張,多5張,空1.0545454545454545張,空5.310122706880176張,836918.259732456
2020-02-06,多1張,多6張,空1.0735468182604928張,空6.383669525140669張,836918.259732456
2020-02-07,多1張,多7張,空1.0619047261904762張,空7.445574251331145張,836918.259732456
2020-02-10,多1張,多8張,空1.0667461009118926張,空8.512320352243037張,836918.259732456
2020-02-11,多1張,多9張,空1.058402871075021張,空9.570723223318058張,836918.259732456
2020-02-12,多1張,多10張,空1.061248479122533張,空10.631971702440591張,836918.259732456
2020-02-13,多1張,多11張,空1.0515222587465514張,空11.683493961187143張,836918.259732456
2020-02-14,多1張,多12張,空1.0528169032682009張,空12.736310864455344張,836918.259732456
2020-02-17,多1張,多13張,空1.0578512535248379張,空13.794162117980182張,836918.259732456
2020-02-18,多1張,多14張,空1.0519480655943825張,空14.846110183574565張,836918.259732456
2020-02-19,多1張,多15張,空1.050351228329011張,空15.896461411903577張,836918.259732456
2020-02-20,多1張,多16張,空1.0616113255542339張,空16.95807273745781張,836918.259732456
2020-02-21,多1張,多17張,空1.0545023446800392張,空18.01257508213785張,836918.259732456
2020-02-24,多1張,多18張,空1.0589651277729273張,空19.07154020991078張,836918.259732456
2020-02-25,多1張,多19張,空1.0605326891170144張,空20.132072899027794張,836918.259732456
2020-02-26,多1張,多20張,空1.0714286110133724張,空21.203501510041164張,836918.259732456
2020-02-27,多1張,多21張,空1.047445269371482張,空22.250946779412647張,836918.259732456
2020-03-02,多1張,多22張,空1.0493827160493827張,空23.30032949546203張,836918.259732456
2020-03-03,多1張,多23張,空1.069306915743555張,空24.369636411205587張,836918.259732456
2020-03-04,多1張,多24張,空1.0770170509651447張,空25.44665346217073張,836918.259732456
2020-03-05,多1張,多25張,空1.079268292682927張,空26.525921754853655張,836918.259732456
2020-03-06,多1張,多26張,空1.0819875527950311張,空27.607909307648686張,836918.259732456
2020-03-09,多1張,多27張,空1.0669241338580748張,空28.67483344150676張,836918.259732456
2020-03-10,多1張,多28張,空1.0515463930810927張,空29.726379834587853張,836918.259732456
2020-03-11,多1張,多29張,空1.0412902838709677張,空30.76767011845882張,836918.259732456
2020-03-12,多1張,多30張,空1.0266311591646113張,空31.794301277623433張,836918.259732456
2020-03-13,多1張,多31張,空1.0082987410111173張,空32.80260001863455張,836918.259732456
2020-03-16,多1張,多32張,空1.0115607374954076張,空33.81416075612996張,836918.259732456
2020-03-17,多1張,多33張,空1.0483384462993255張,空34.862499202429284張,836918.259732456
2020-03-18,多1張,多34張,空1.105348393754483張,空35.967847596183766張,836918.259732456
2020-03-19,0,平倉34張,0,平倉35.967847596183766張,985924.9771110141
2020-03-20,0,平倉0張,0,平倉0張,985924.9771110141
2020-03-23,0,平倉0張,0,平倉0張,985924.9771110141
2020-03-24,空1張,空1張,多1.1871166497139563張,多1.1871166497139563張,985924.9771110141
2020-03-25,空1張,空2張,多1.145985401459854張,多2.3331020511738103張,985924.9771110141
2020-03-26,空1張,空3張,多1.163503605839416張,多3.4966056570132262張,985924.9771110141
2020-03-27,空1張,空4張,多1.1764705882352942張,多4.67307624524852張,985924.9771110141
2020-03-30,空1張,空5張,多1.1905465520183112張,多5.8636227972668316張,985924.9771110141
2020-03-31,空1張,空6張,多1.2149254029850747張,多7.078548200251906張,985924.9771110141
2020-04-01,空1張,空7張,多1.1782477875338877張,多8.256795987785793張,985924.9771110141
2020-04-06,空1張,空8張,多1.1823529705882354張,多9.439148958374028張,985924.9771110141
2020-04-07,空1張,空9張,多1.1659513257238534張,多10.605100284097881張,985924.9771110141
2020-04-08,空1張,空10張,多1.1607898544205966張,多11.765890138518477張,985924.9771110141
2020-04-09,空1張,空11張,多1.1558073698529張,多12.921697508371377張,985924.9771110141
2020-04-10,空1張,空12張,多1.159154971830986張,多14.080852480202363張,985924.9771110141
2020-04-13,空1張,空13張,多1.1585714張,多15.239423880202363張,985924.9771110141
2020-04-14,空1張,空14張,多1.1484593515837715張,多16.387883231786134張,985924.9771110141
2020-04-15,空1張,空15張,多1.1513889166666667張,多17.5392721484528張,985924.9771110141
2020-04-16,空1張,空16張,多1.159604442389642張,多18.698876590842442張,985924.9771110141
2020-04-17,空1張,空17張,多1.1617440270532777張,多19.86062061789572張,985924.9771110141
2020-04-20,空1張,空18張,多1.1621620698935105張,多21.02278268778923張,985924.9771110141
2020-04-21,空1張,空19張,多1.1538461203527977張,多22.176628808142027張,985924.9771110141
2020-04-22,空1張,空20張,多1.1713030232224146張,多23.34793183136444張,985924.9771110141
2020-04-23,空1張,空21張,多1.1761281881860928張,多24.524060019550532張,985924.9771110141
2020-04-24,空1張,空22張,多1.1859443110126948張,多25.710004330563226張,985924.9771110141
2020-04-27,空1張,空23張,多1.1666667450142485張,多26.876671075577473張,985924.9771110141
2020-04-28,空1張,空24張,多1.154829555260524張,多28.031500630837996張,985924.9771110141
2020-04-29,空1張,空25張,多1.1657380710694398張,多29.197238701907438張,985924.9771110141
2020-04-30,空1張,空26張,多1.181818111151038張,多30.379056813058476張,985924.9771110141
2020-05-04,空1張,空27張,多1.185185180104659張,多31.564241993163137張,985924.9771110141
2020-05-05,空1張,空28張,多1.1813186326379683張,多32.745560625801104張,985924.9771110141
2020-05-06,空1張,空29張,多1.1707989303250395張,多33.916359556126146張,985924.9771110141
2020-05-07,空1張,空30張,多1.1593406390381604張,多35.07570019516431張,985924.9771110141
2020-05-08,空1張,空31張,多1.1981004965305495張,多36.27380069169486張,985924.9771110141
2020-05-11,空1張,空32張,多1.1900937827346902張,多37.46389447442955張,985924.9771110141
2020-05-12,空1張,空33張,多1.1784740823304065張,多38.642368556759955張,985924.9771110141
2020-05-13,空1張,空34張,多1.1853855971478864張,多39.82775415390784張,985924.9771110141
2020-05-14,空1張,空35張,多1.194214867609225張,多41.021969021517066張,985924.9771110141
2020-05-15,空1張,空36張,多1.195020724964562張,多42.21698974648163張,985924.9771110141
2020-05-18,空1張,空37張,多1.2385576349114462張,多43.455547381393075張,985924.9771110141
2020-05-19,空1張,空38張,多1.2581967455545116張,多44.71374412694759張,985924.9771110141
2020-05-20,空1張,空39張,多1.2431694498566714張,多45.95691357680426張,985924.9771110141
2020-05-21,空1張,空40張,多1.2483039856840157張,多47.20521756248828張,985924.9771110141
2020-05-22,空1張,空41張,多1.2465374479170686張,多48.45175501040535張,985924.9771110141
2020-05-25,空1張,空42張,多1.2378302854567376張,多49.68958529586209張,985924.9771110141
2020-05-26,空1張,空43張,多1.2324621966628142張,多50.922047492524904張,985924.9771110141
2020-05-27,空1張,空44張,多1.2258953505756296張,多52.14794284310053張,985924.9771110141
2020-05-28,空1張,空45張,多1.220833361111111張,多53.36877620421164張,985924.9771110141
2020-05-29,空1張,空46張,多1.2180555138888889張,多54.586831718100534張,985924.9771110141
2020-06-01,空1張,空47張,多1.2400000275862069張,多55.82683174568674張,985924.9771110141
2020-06-02,空1張,空48張,多1.2336066489183053張,多57.06043839460504張,985924.9771110141
2020-06-03,空1張,空49張,多1.2483310748109193張,多58.308769469415964張,985924.9771110141
2020-06-04,空1張,空50張,多1.2450066909455844張,多59.55377616036155張,985924.9771110141
2020-06-05,空1張,空51張,多1.2473545700358353張,多60.80113073039739張,985924.9771110141
2020-06-08,空1張,空52張,多1.23697911834717張,多62.03810984874456張,985924.9771110141
2020-06-09,空1張,空53張,多1.2467532467532467張,多63.284863095497805張,985924.9771110141
2020-06-10,空1張,空54張,多1.2490273086647812張,多64.53389040416259張,985924.9771110141
2020-06-11,空1張,空55張,多1.235059711750609張,多65.7689501159132張,985924.9771110141
2020-06-12,空1張,空56張,多1.2264151439251407張,多66.99536525983834張,985924.9771110141
2020-06-15,空1張,空57張,多1.2295082471109937張,多68.22487350694934張,985924.9771110141
2020-06-16,空1張,空58張,多1.2286874227689466張,多69.45356092971828張,985924.9771110141
2020-06-17,空1張,空59張,多1.2070364625971186張,多70.6605973923154張,985924.9771110141
2020-06-18,空1張,空60張,多1.199186943122482張,多71.85978433543788張,985924.9771110141
2020-06-19,空1張,空61張,多1.205198364027315張,多73.06498269946519張,985924.9771110141
2020-06-22,0,平倉61張,0,平倉73.06498269946519張,1004458.3332947362
2020-06-23,0,平倉0張,0,平倉0張,1004458.3332947362
2020-06-24,0,平倉0張,0,平倉0張,1004458.3332947362
2020-06-30,多1張,多1張,空1.1690885535966402張,空1.1690885535966402張,1004458.3332947362
2020-07-01,0,平倉1張,0,平倉1.1690885535966402張,1007952.5191977863
2020-07-02,0,平倉0張,0,平倉0張,1007952.5191977863
2020-07-03,0,平倉0張,0,平倉0張,1007952.5191977863
2020-07-06,0,平倉0張,0,平倉0張,1007952.5191977863
2020-07-07,空1張,空1張,多1.2228336405570968張,多1.2228336405570968張,1007952.5191977863
2020-07-08,空1張,空2張,多1.2268325493707102張,多2.449666189927807張,1007952.5191977863
2020-07-09,空1張,空3張,多1.2249999583333333張,多3.6746661482611405張,1007952.5191977863
2020-07-10,空1張,空4張,多1.221126718309859張,多4.895792866571張,1007952.5191977863
2020-07-13,空1張,空5張,多1.230985943661972張,多6.126778810232972張,1007952.5191977863
2020-07-15,0,平倉5張,0,平倉6.126778810232972張,1022680.5168530947
2020-07-16,0,平倉0張,0,平倉0張,1022680.5168530947
2020-07-17,0,平倉0張,0,平倉0張,1022680.5168530947
2020-07-22,0,平倉0張,0,平倉0張,1022680.5168530947
2020-07-23,0,平倉0張,0,平倉0張,1022680.5168530947
2020-07-24,0,平倉0張,0,平倉0張,1022680.5168530947
2020-07-27,0,平倉0張,0,平倉0張,1022680.5168530947
2020-07-28,0,平倉0張,0,平倉0張,1022680.5168530947
2020-07-29,0,平倉0張,0,平倉0張,1022680.5168530947
2020-07-30,0,平倉0張,0,平倉0張,1022680.5168530947
2020-07-31,0,平倉0張,0,平倉0張,1022680.5168530947
2020-08-04,多1張,多1張,空1.208955223880597張,空1.208955223880597張,1022680.5168530947
2020-08-05,多1張,多2張,空1.1891495831004215張,空2.3981048069810185張,1022680.5168530947
2020-08-06,多1張,多3張,空1.2055393500157245張,空3.603644156996743張,1022680.5168530947
2020-08-07,多1張,多4張,空1.1895803093945096張,空4.793224466391252張,1022680.5168530947
2020-08-10,多1張,多5張,空1.1909476742976381張,空5.984172140688891張,1022680.5168530947
2020-08-11,多1張,多6張,空1.1788731971830986張,空7.163045337871989張,1022680.5168530947
2020-08-12,多1張,多7張,空1.1796323272828428張,空8.342677665154833張,1022680.5168530947
2020-08-13,多1張,多8張,空1.1750700231072824張,空9.517747688262116張,1022680.5168530947
2020-08-14,多1張,多9張,空1.1608391608391608張,空10.678586849101276張,1022680.5168530947
2020-08-17,多1張,多10張,空1.1701244051124036張,空11.84871125421368張,1022680.5168530947
2020-08-18,多1張,多11張,空1.1791666944444446張,空13.027877948658123張,1022680.5168530947
2020-08-19,多1張,多12張,空1.1769663838609432張,空14.204844332519066張,1022680.5168530947
2020-08-20,多1張,多13張,空1.1774890976555945張,空15.382333430174661張,1022680.5168530947
2020-08-21,多1張,多14張,空1.1871428285714285張,空16.56947625874609張,1022680.5168530947
2020-08-24,多1張,多15張,空1.1812949352517985張,空17.75077119399789張,1022680.5168530947
2020-08-25,多1張,多16張,空1.196275020217406張,空18.947046214215295張,1022680.5168530947
2020-08-26,多1張,多17張,空1.1837607058587196張,空20.130806920074015張,1022680.5168530947
2020-08-27,多1張,多18張,空1.1942446043165467張,空21.325051524390563張,1022680.5168530947
2020-08-28,多1張,多19張,空1.190271739906388張,空22.515323264296953張,1022680.5168530947
2020-08-31,多1張,多20張,空1.2094394745085777張,空23.72476273880553張,1022680.5168530947
2020-09-01,多1張,多21張,空1.1911764705882353張,空24.915939209393766張,1022680.5168530947
2020-09-03,0,平倉21張,0,平倉24.915939209393766張,1021665.1226345585
2020-09-04,0,平倉0張,0,平倉0張,1021665.1226345585
2020-09-07,多1張,多1張,空1.1826086666666666張,空1.1826086666666666張,1021665.1226345585
2020-09-09,多1張,多2張,空1.1633236892554286張,空2.3459323559220953張,1021665.1226345585
2020-09-10,多1張,多3張,空1.1791907736643399張,空3.525123129586435張,1021665.1226345585
2020-09-11,多1張,多4張,空1.1918604131456214張,空4.7169835427320566張,1021665.1226345585
2020-09-15,0,平倉4張,0,平倉4.7169835427320566張,1029583.4940120879
2020-09-16,0,平倉0張,0,平倉0張,1029583.4940120879
2020-09-18,空1張,空1張,多1.216642850070711張,多1.216642850070711張,1029583.4940120879
2020-09-21,空1張,空2張,多1.2079773023352125張,多2.4246201524059234張,1029583.4940120879
2020-09-22,空1張,空3張,多1.200585598802975張,多3.6252057512088984張,1029583.4940120879
2020-09-23,空1張,空4張,多1.1999999705882354張,多4.825205721797134張,1029583.4940120879
2020-09-24,0,平倉4張,0,平倉4.825205721797134張,1033395.351339068
2020-09-25,0,平倉0張,0,平倉0張,1033395.351339068
2020-09-28,0,平倉0張,0,平倉0張,1033395.351339068
2020-09-29,多1張,多1張,空1.1858406849923張,空1.1858406849923張,1033395.351339068
2020-09-30,多1張,多2張,空1.1816839519210023張,空2.367524636913302張,1033395.351339068
2020-10-05,多1張,多3張,空1.1751824817518248張,空3.5427071186651267張,1033395.351339068
2020-10-06,多1張,多4張,空1.174351551171425張,空4.717058669836552張,1033395.351339068
2020-10-07,多1張,多5張,空1.1904069539066735張,空5.907465623743226張,1033395.351339068
2020-10-08,多1張,多6張,空1.1763006579321096張,空7.083766281675336張,1033395.351339068
2020-10-12,多1張,多7張,空1.1700000285714285張,空8.253766310246764張,1033395.351339068
2020-10-13,多1張,多8張,空1.1832611320377575張,空9.43702744228452張,1033395.351339068
2020-10-14,多1張,多9張,空1.1860464308409986張,空10.62307387312552張,1033395.351339068
2020-10-15,多1張,多10張,空1.1685878337582756張,空11.791661706883795張,1033395.351339068
2020-10-16,多1張,多11張,空1.165217420289855張,空12.95687912717365張,1033395.351339068
2020-10-19,多1張,多12張,空1.173913043478261張,空14.130792170651912張,1033395.351339068
2020-10-20,多1張,多13張,空1.171014536231884張,空15.301806706883795張,1033395.351339068
2020-10-21,多1張,多14張,空1.1848617984655807張,空16.486668505349375張,1033395.351339068
2020-10-22,多1張,多15張,空1.1688311182324191張,空17.655499623581793張,1033395.351339068
2020-10-23,多1張,多16張,空1.1717170777034454張,空18.827216701285238張,1033395.351339068
2020-10-26,多1張,多17張,空1.1578947158793151張,空19.985111417164553張,1033395.351339068
2020-10-27,多1張,多18張,空1.1507823406494022張,空21.135893757813957張,1033395.351339068
2020-10-28,多1張,多19張,空1.1485714571428571張,空22.284465214956814張,1033395.351339068
2020-10-29,多1張,多20張,空1.1644833114039292張,空23.448948526360745張,1033395.351339068
2020-10-30,多1張,多21張,空1.1424417815795733張,空24.59139030794032張,1033395.351339068
2020-11-02,多1張,多22張,空1.1332377449897817張,空25.7246280529301張,1033395.351339068
2020-11-03,多1張,多23張,空1.13778403017659張,空26.86241208310669張,1033395.351339068
2020-11-04,多1張,多24張,空1.139436647887324張,空28.001848730994013張,1033395.351339068
2020-11-05,多1張,多25張,空1.1388498398800908張,空29.140698570874104張,1033395.351339068
2020-11-06,多1張,多26張,空1.1390449637238047張,空30.27974353459791張,1033395.351339068
2020-11-09,多1張,多27張,空1.1390820545457008張,空31.41882558914361張,1033395.351339068
2020-11-10,多1張,多28張,空1.1590296964567264張,空32.577855285600336張,1033395.351339068
2020-11-11,多1張,多29張,空1.1820512435897435張,空33.759906529190076張,1033395.351339068
2020-11-12,0,平倉29張,0,平倉33.759906529190076張,1103548.7247950623
2020-11-13,0,平倉0張,0,平倉0張,1103548.7247950623
2020-11-16,0,平倉0張,0,平倉0張,1103548.7247950623
2020-11-17,空1張,空1張,多1.185897435897436張,多1.185897435897436張,1103548.7247950623
2020-11-19,0,平倉1張,0,平倉1.185897435897436張,1103914.5394053773
2020-11-20,0,平倉0張,0,平倉0張,1103914.5394053773
2020-11-23,0,平倉0張,0,平倉0張,1103914.5394053773
2020-11-24,0,平倉0張,0,平倉0張,1103914.5394053773
2020-11-25,0,平倉0張,0,平倉0張,1103914.5394053773
2020-11-26,空1張,空1張,多1.1994981379986753張,多1.1994981379986753張,1103914.5394053773
2020-11-27,空1張,空2張,多1.1962025316455696張,多2.3957006696442447張,1103914.5394053773
2020-11-30,空1張,空3張,多1.1753246753246753張,多3.5710253449689198張,1103914.5394053773
2020-12-02,0,平倉3張,0,平倉3.5710253449689198張,1106169.7934396502
2020-12-03,0,平倉0張,0,平倉0張,1106169.7934396502
2020-12-04,0,平倉0張,0,平倉0張,1106169.7934396502
2020-12-07,0,平倉0張,0,平倉0張,1106169.7934396502
2020-12-08,0,平倉0張,0,平倉0張,1106169.7934396502
2020-12-09,0,平倉0張,0,平倉0張,1106169.7934396502
2020-12-10,0,平倉0張,0,平倉0張,1106169.7934396502
2020-12-11,0,平倉0張,0,平倉0張,1106169.7934396502
2020-12-15,空1張,空1張,多1.187739418094275張,多1.187739418094275張,1106169.7934396502
2020-12-16,空1張,空2張,多1.1867167097725546張,多2.3744561278668295張,1106169.7934396502
2020-12-17,空1張,空3張,多1.185371960200304張,多3.5598280880671336張,1106169.7934396502
2020-12-18,空1張,空4張,多1.1851851780899676張,多4.745013266157101張,1106169.7934396502
2020-12-21,空1張,空5張,多1.171604962962963張,多5.916618229120064張,1106169.7934396502
2020-12-22,0,平倉5張,0,平倉5.916618229120064張,1108886.0959521313
2020-12-23,0,平倉0張,0,平倉0張,1108886.0959521313
2020-12-24,0,平倉0張,0,平倉0張,1108886.0959521313
2020-12-25,0,平倉0張,0,平倉0張,1108886.0959521313
2020-12-30,0,平倉0張,0,平倉0張,1108886.0959521313
2020-12-31,0,平倉0張,0,平倉0張,1108886.0959521313
2021-01-04,0,平倉0張,0,平倉0張,1108886.0959521313
2021-01-05,0,平倉0張,0,平倉0張,1108886.0959521313
2021-01-06,0,平倉0張,0,平倉0張,1108886.0959521313
2021-01-07,0,平倉0張,0,平倉0張,1108886.0959521313
2021-01-12,0,平倉0張,0,平倉0張,1108886.0959521313
2021-01-13,0,平倉0張,0,平倉0張,1108886.0959521313
2021-01-14,空1張,空1張,多1.194379363129289張,多1.194379363129289張,1108886.0959521313
2021-01-15,空1張,空2張,多1.1811680052164957張,多2.3755473683457846張,1108886.0959521313
2021-01-18,空1張,空3張,多1.193666289736085張,多3.5692136580818694張,1108886.0959521313
2021-01-19,空1張,空4張,多1.1937424715702158張,多4.7629561296520855張,1108886.0959521313
2021-01-20,空1張,空5張,多1.1753086049382715張,多5.938264734590357張,1108886.0959521313
2021-01-22,0,平倉5張,0,平倉5.938264734590357張,1114247.844145349
2021-01-25,0,平倉0張,0,平倉0張,1114247.844145349
2021-01-26,0,平倉0張,0,平倉0張,1114247.844145349
2021-01-27,0,平倉0張,0,平倉0張,1114247.844145349
2021-01-28,多1張,多1張,空1.1496855597484277張,空1.1496855597484277張,1114247.844145349
2021-01-29,多1張,多2張,空1.1511627351120741張,空2.3008482948605016張,1114247.844145349
2021-02-01,多1張,多3張,空1.152368787512645張,空3.4532170823731465張,1114247.844145349
2021-02-02,多1張,多4張,空1.1511334974525567張,空4.604350579825703張,1114247.844145349
2021-02-03,多1張,多5張,空1.1334980807540647張,空5.737848660579768張,1114247.844145349
2021-02-04,多1張,多6張,空1.1329192173913043張,空6.870767877971073張,1114247.844145349
2021-02-05,多1張,多7張,空1.150187730908943張,空8.020955608880016張,1114247.844145349
2021-02-17,多1張,多8張,空1.1473054251497006張,空9.168261034029715張,1114247.844145349
2021-02-18,多1張,多9張,空1.159663799772012張,空10.327924833801728張,1114247.844145349
2021-02-19,多1張,多10張,空1.1686746987951808張,空11.496599532596909張,1114247.844145349
2021-02-22,多1張,多11張,空1.1788714701486864張,空12.675471002745596張,1114247.844145349
2021-02-23,0,平倉11張,0,平倉12.675471002745596張,1161605.528680129
2021-02-24,0,平倉0張,0,平倉0張,1161605.528680129
2021-02-25,0,平倉0張,0,平倉0張,1161605.528680129
2021-02-26,0,平倉0張,0,平倉0張,1161605.528680129
2021-03-02,0,平倉0張,0,平倉0張,1161605.528680129
2021-03-03,多1張,多1張,空1.1376564018735744張,空1.1376564018735744張,1161605.528680129
2021-03-04,多1張,多2張,空1.130237821169723張,空2.2678942230432977張,1161605.528680129
2021-03-05,多1張,多3張,空1.1327230862077098張,空3.4006173092510075張,1161605.528680129
2021-03-08,多1張,多4張,空1.1647727272727273張,空4.565390036523735張,1161605.528680129
2021-03-09,多1張,多5張,空1.1468926553672316張,空5.712282691890967張,1161605.528680129
2021-03-10,多1張,多6張,空1.1430179794025457張,空6.855300671293513張,1161605.528680129
2021-03-11,多1張,多7張,空1.1573033707865168張,空8.01260404208003張,1161605.528680129
2021-03-12,多1張,多8張,空1.1340782122905029張,空9.146682254370532張,1161605.528680129
2021-03-15,多1張,多9張,空1.1407491745913547張,空10.287431428961886張,1161605.528680129
2021-03-16,多1張,多10張,空1.1433446838829424張,空11.430776112844828張,1161605.528680129
2021-03-17,多1張,多11張,空1.1300344619094485張,空12.560810574754276張,1161605.528680129
2021-03-18,多1張,多12張,空1.1287355977011493張,空13.689546172455426張,1161605.528680129
2021-03-19,多1張,多13張,空1.1377672970700938張,空14.827313469525519張,1161605.528680129
2021-03-22,多1張,多14張,空1.1171694472332756張,空15.944482916758794張,1161605.528680129
2021-03-23,多1張,多15張,空1.1161440212809297張,空17.060626938039725張,1161605.528680129
2021-03-24,多1張,多16張,空1.1210341274038573張,空18.18166106544358張,1161605.528680129
2021-03-25,多1張,多17張,空1.1129219531333654張,空19.294583018576947張,1161605.528680129
2021-03-26,多1張,多18張,空1.1100918157141682張,空20.404674834291114張,1161605.528680129
2021-03-29,多1張,多19張,空1.098976061456745張,空21.50365089574786張,1161605.528680129
2021-03-30,多1張,多20張,空1.1014823409857128張,空22.605133236733572張,1161605.528680129
2021-03-31,多1張,多21張,空1.1050228905256367張,空23.710156127259207張,1161605.528680129
2021-04-01,多1張,多22張,空1.1114942183908045張,空24.821650345650013張,1161605.528680129
2021-04-07,多1張,多23張,空1.12張,空25.941650345650014張,1161605.528680129
2021-04-08,多1張,多24張,空1.124856742559333張,空27.06650708820935張,1161605.528680129
2021-04-09,多1張,多25張,空1.1073446327683616張,空28.17385172097771張,1161605.528680129
2021-04-12,多1張,多26張,空1.1083521356287163張,空29.282203856606426張,1161605.528680129
2021-04-13,多1張,多27張,空1.1312216938637625張,空30.413425550470187張,1161605.528680129
2021-04-14,多1張,多28張,空1.123442736462874張,空31.53686828693306張,1161605.528680129
2021-04-15,多1張,多29張,空1.1265261071370944張,空32.66339439407015張,1161605.528680129
2021-04-16,多1張,多30張,空1.108695652173913張,空33.77209004624407張,1161605.528680129
2021-04-19,多1張,多31張,空1.081932807203765張,空34.85402285344783張,1161605.528680129
2021-04-20,多1張,多32張,空1.0864978559125151張,空35.94052070936034張,1161605.528680129
2021-04-21,多1張,多33張,空1.064516129032258張,空37.0050368383926張,1161605.528680129
2021-04-22,多1張,多34張,空1.0836910220072218張,空38.08872786039982張,1161605.528680129
2021-04-23,多1張,多35張,空1.1045258263623117張,空39.193253686762134張,1161605.528680129
2021-04-26,多1張,多36張,空1.1021505376344085張,空40.29540422439654張,1161605.528680129
2021-04-27,多1張,多37張,空1.10752688172043張,空41.402931106116974張,1161605.528680129
2021-04-28,多1張,多38張,空1.1207834358915465張,空42.52371454200852張,1161605.528680129
2021-04-29,多1張,多39張,空1.138613836334129張,空43.66232837834265張,1161605.528680129
2021-05-04,0,平倉39張,0,平倉43.66232837834265張,1177273.1123423753
2021-05-05,0,平倉0張,0,平倉0張,1177273.1123423753
2021-05-06,0,平倉0張,0,平倉0張,1177273.1123423753
2021-05-10,空1張,空1張,多1.173580811650236張,多1.173580811650236張,1177273.1123423753
2021-05-11,空1張,空2張,多1.1672278600949015張,多2.3408086717451377張,1177273.1123423753
2021-05-12,空1張,空3張,多1.1686602791545522張,多3.5094689508996897張,1177273.1123423753
2021-05-13,空1張,空4張,多1.165644171779141張,多4.67511312267883張,1177273.1123423753
2021-05-14,空1張,空5張,多1.1664655569007103張,多5.84157867957954張,1177273.1123423753
2021-05-17,空1張,空6張,多1.1792336173242617張,多7.020812296903802張,1177273.1123423753
2021-05-18,空1張,空7張,多1.1842105546461856張,多8.205022851549987張,1177273.1123423753
2021-05-19,空1張,空8張,多1.1720430288665362張,多9.377065880416524張,1177273.1123423753
2021-05-20,空1張,空9張,多1.1555820245456778張,多10.532647904962202張,1177273.1123423753
2021-05-21,空1張,空10張,多1.1662707897721185張,多11.69891869473432張,1177273.1123423753
2021-05-24,空1張,空11張,多1.1648745937231038張,多12.863793288457424張,1177273.1123423753
2021-05-25,空1張,空12張,多1.165105359131022張,多14.028898647588447張,1177273.1123423753
2021-05-26,空1張,空13張,多1.1893491124260356張,多15.218247760014481張,1177273.1123423753
2021-05-27,空1張,空14張,多1.1475796982613824張,多16.365827458275863張,1177273.1123423753
2021-05-28,空1張,空15張,多1.1569086731403122張,多17.522736131416174張,1177273.1123423753
2021-05-31,空1張,空16張,多1.1682243263603815張,多18.690960457776555張,1177273.1123423753
2021-06-01,空1張,空17張,多1.169724810885028張,多19.860685268661584張,1177273.1123423753
2021-06-02,空1張,空18張,多1.1923509293059409張,多21.053036197967526張,1177273.1123423753
2021-06-03,空1張,空19張,多1.1977401129943503張,多22.250776310961875張,1177273.1123423753
2021-06-04,空1張,空20張,多1.2143672023158678張,多23.46514351327774張,1177273.1123423753
2021-06-07,空1張,空21張,多1.2157534524144624張,多24.680896965692202張,1177273.1123423753
2021-06-08,空1張,空22張,多1.2442129341617376張,多25.92510989985394張,1177273.1123423753
2021-06-09,空1張,空23張,多1.2850467589964196張,多27.21015665885036張,1177273.1123423753
2021-06-10,空1張,空24張,多1.264434209340282張,多28.474590868190642張,1177273.1123423753
2021-06-11,空1張,空25張,多1.2587412147293282張,多29.733332082919972張,1177273.1123423753
2021-06-15,空1張,空26張,多1.2734742232443976張,多31.00680630616437張,1177273.1123423753
2021-06-16,空1張,空27張,多1.2950058372823656張,多32.30181214344674張,1177273.1123423753
2021-06-17,空1張,空28張,多1.2719811979373552張,多33.573793341384096張,1177273.1123423753
2021-06-18,空1張,空29張,多1.2545017555401528張,多34.82829509692425張,1177273.1123423753
2021-06-21,空1張,空30張,多1.2499999547101466張,多36.0782950516344張,1177273.1123423753
2021-06-22,空1張,空31張,多1.2725089577727866張,多37.350804009407184張,1177273.1123423753
2021-06-23,空1張,空32張,多1.301775147928994張,多38.65257915733618張,1177273.1123423753
2021-06-24,空1張,空33張,多1.2973933341849921張,多39.949972491521166張,1177273.1123423753
2021-06-25,空1張,空34張,多1.2884161061091277張,多41.23838859763029張,1177273.1123423753
2021-06-28,空1張,空35張,多1.276470588235294張,多42.51485918586558張,1177273.1123423753
2021-06-29,空1張,空36張,多1.2765957748604202張,多43.791454960726張,1177273.1123423753
2021-06-30,空1張,空37張,多1.2573790291869786張,多45.04883398991298張,1177273.1123423753
2021-07-01,空1張,空38張,多1.2470588235294118張,多46.29589281344239張,1177273.1123423753
2021-07-02,空1張,空39張,多1.292596975149165張,多47.58848978859156張,1177273.1123423753
2021-07-05,空1張,空40張,多1.3352601156069364張,多48.923749904198495張,1177273.1123423753
2021-07-06,空1張,空41張,多1.3191243783712772張,多50.24287428256977張,1177273.1123423753
2021-07-07,空1張,空42張,多1.3053612597193032張,多51.54823554228908張,1177273.1123423753
2021-07-08,空1張,空43張,多1.2733645157328157張,多52.82160005802189張,1177273.1123423753
2021-07-09,空1張,空44張,多1.292596975149165張,多54.11419703317106張,1177273.1123423753
2021-07-12,空1張,空45張,多1.2588235294117647張,多55.37302056258282張,1177273.1123423753
2021-07-13,空1張,空46張,多1.2470725703261694張,多56.62009313290899張,1177273.1123423753
2021-07-14,空1張,空47張,多1.2339929864029573張,多57.85408611931195張,1177273.1123423753
2021-07-15,空1張,空48張,多1.2368112108976126張,多59.090897330209565張,1177273.1123423753
2021-07-19,0,平倉48張,0,平倉59.090897330209565張,1289865.200471067
2021-07-20,0,平倉0張,0,平倉0張,1289865.200471067
2021-07-21,0,平倉0張,0,平倉0張,1289865.200471067
2021-07-22,多1張,多1張,空1.1935867408641356張,空1.1935867408641356張,1289865.200471067
2021-07-23,多1張,多2張,空1.1935867408641356張,空2.3871734817282713張,1289865.200471067
2021-07-26,多1張,多3張,空1.1754808476735883張,空3.5626543294018598張,1289865.200471067
2021-07-27,多1張,多4張,空1.2196030451514404張,空4.7822573745533張,1289865.200471067
2021-07-28,多1張,多5張,空1.2130542320093929張,空5.995311606562693張,1289865.200471067
2021-07-29,多1張,多6張,空1.2087911792724986張,空7.204102785835191張,1289865.200471067
2021-07-30,多1張,多7張,空1.1836983765340041張,空8.387801162369195張,1289865.200471067
2021-08-02,多1張,多8張,空1.1968786723813203張,空9.584679834750515張,1289865.200471067
2021-08-03,多1張,多9張,空1.1780987287147708張,空10.762778563465286張,1289865.200471067
2021-08-04,多1張,多10張,空1.1732852267938683張,空11.936063790259155張,1289865.200471067
2021-08-05,多1張,多11張,空1.1672683794769767張,空13.103332169736131張,1289865.200471067
2021-08-06,多1張,多12張,空1.1565114273540535張,空14.259843597090185張,1289865.200471067
2021-08-09,多1張,多13張,空1.165060204819277張,空15.424903801909462張,1289865.200471067
2021-08-10,多1張,多14張,空1.1768292682926829張,空16.601733070202144張,1289865.200471067
2021-08-11,多1張,多15張,空1.1777509737999146張,空17.779484044002057張,1289865.200471067
2021-08-12,多1張,多16張,空1.1717050243665668張,空18.951189068368624張,1289865.200471067
2021-08-13,多1張,多17張,空1.1811505941670966張,空20.13233966253572張,1289865.200471067
2021-08-16,多1張,多18張,空1.174661703272016張,空21.307001365807736張,1289865.200471067
2021-08-17,多1張,多19張,空1.174661703272016張,空22.48166306907975張,1289865.200471067
2021-08-18,多1張,多20張,空1.1554468233334207張,空23.63710989241317張,1289865.200471067
2021-08-19,多1張,多21張,空1.135910241991655張,空24.773020134404828張,1289865.200471067
2021-08-20,多1張,多22張,空1.1542352124964657張,空25.927255346901294張,1289865.200471067
2021-08-23,多1張,多23張,空1.1585518766180245張,空27.085807223519318張,1289865.200471067
2021-08-24,多1張,多24張,空1.1685116419983403張,空28.254318865517657張,1289865.200471067
2021-08-25,多1張,多25張,空1.1593137293949443張,空29.413632594912603張,1289865.200471067
2021-08-26,多1張,多26張,空1.182156202558471張,空30.595788797471073張,1289865.200471067
2021-08-27,多1張,多27張,空1.1672727636363638張,空31.76306156110744張,1289865.200471067
2021-08-30,多1張,多28張,空1.1740166585454908張,空32.93707821965293張,1289865.200471067
2021-08-31,多1張,多29張,空1.1629013712937306張,空34.09997959094666張,1289865.200471067
2021-09-01,多1張,多30張,空1.1636582349857578張,空35.26363782593242張,1289865.200471067
2021-09-02,多1張,多31張,空1.1746031092893012張,空36.43824093522172張,1289865.200471067
2021-09-03,多1張,多32張,空1.1771083975903613張,空37.61534933281208張,1289865.200471067
2021-09-06,多1張,多33張,空1.175182500310797張,空38.79053183312288張,1289865.200471067
2021-09-07,多1張,多34張,空1.1644498971384487張,空39.95498173026132張,1289865.200471067
2021-09-08,多1張,多35張,空1.1642335826362622張,空41.11921531289759張,1289865.200471067
2021-09-09,多1張,多36張,空1.177914110429448張,空42.297129423327036張,1289865.200471067
2021-09-10,多1張,多37張,空1.1766138898078902張,空43.473743313134925張,1289865.200471067
2021-09-13,多1張,多38張,空1.1751207666019046張,空44.64886407973683張,1289865.200471067
2021-09-14,多1張,多39張,空1.177884657856418張,空45.82674873759325張,1289865.200471067
2021-09-15,多1張,多40張,空1.1680672208379153張,空46.99481595843116張,1289865.200471067
2021-09-16,多1張,多41張,空1.1676646706586826張,空48.16248062908984張,1289865.200471067
2021-09-17,多1張,多42張,空1.162818876203443張,空49.32529950529329張,1289865.200471067
2021-09-22,多1張,多43張,空1.1527950683229815張,空50.47809457361627張,1289865.200471067
2021-09-23,多1張,多44張,空1.1623615807246648張,空51.64045615434093張,1289865.200471067
2021-09-24,多1張,多45張,空1.1557178037366596張,空52.79617395807759張,1289865.200471067
2021-09-27,多1張,多46張,空1.1541218812707963張,空53.950295839348385張,1289865.200471067
2021-09-28,多1張,多47張,空1.1812795573156503張,空55.13157539666403張,1289865.200471067
2021-09-29,0,平倉47張,0,平倉55.13157539666403張,1466987.2365221102
2021-09-30,0,平倉0張,0,平倉0張,1466987.2365221102
2021-10-01,0,平倉0張,0,平倉0張,1466987.2365221102
2021-10-04,0,平倉0張,0,平倉0張,1466987.2365221102
2021-10-05,0,平倉0張,0,平倉0張,1466987.2365221102
2021-10-06,0,平倉0張,0,平倉0張,1466987.2365221102
2021-10-07,空1張,空1張,多1.2114014683397198張,多1.2114014683397198張,1466987.2365221102
2021-10-08,空1張,空2張,多1.2026066065733032張,多2.4140080749130233張,1466987.2365221102
2021-10-12,空1張,空3張,多1.227436852645893張,多3.6414449275589162張,1466987.2365221102
2021-10-13,空1張,空4張,多1.2499999696601949張,多4.891444897219111張,1466987.2365221102
2021-10-14,空1張,空5張,多1.2302070945239243張,多6.121651991743036張,1466987.2365221102
2021-10-15,空1張,空6張,多1.2424607661649996張,多7.364112757908035張,1466987.2365221102
2021-10-18,空1張,空7張,多1.2758201236031546張,多8.63993288151119張,1466987.2365221102
2021-10-19,空1張,空8張,多1.274390243902439張,多9.914323125413627張,1466987.2365221102
2021-10-20,空1張,空9張,多1.265206858827501張,多11.179529984241128張,1466987.2365221102
2021-10-21,空1張,空10張,多1.2591241335446766張,多12.438654117785806張,1466987.2365221102
2021-10-22,空1張,空11張,多1.2500000461822678張,多13.688654163968074張,1466987.2365221102
2021-10-25,空1張,空12張,多1.2793571995214537張,多14.968011363489527張,1466987.2365221102
2021-10-26,空1張,空13張,多1.2746305889641845張,多16.242641952453713張,1466987.2365221102
2021-10-27,空1張,空14張,多1.2823674792199131張,多17.525009431673627張,1466987.2365221102
2021-10-28,空1張,空15張,多1.2623761907533593張,多18.787385622426985張,1466987.2365221102
2021-10-29,空1張,空16張,多1.2422360248447204張,多20.029621647271707張,1466987.2365221102
2021-11-01,空1張,空17張,多1.2577447803374764張,多21.287366427609182張,1466987.2365221102
2021-11-02,空1張,空18張,多1.276463215076094張,多22.563829642685278張,1466987.2365221102
2021-11-03,空1張,空19張,多1.2686566848592864張,多23.832486327544565張,1466987.2365221102
2021-11-04,空1張,空20張,多1.2593052421663833張,多25.09179156971095張,1466987.2365221102
2021-11-05,空1張,空21張,多1.2670807453416149張,多26.358872315052565張,1466987.2365221102
2021-11-08,空1張,空22張,多1.2639405674327349張,多27.6228128824853張,1466987.2365221102
2021-11-09,空1張,空23張,多1.2593052421663833張,多28.882118124651683張,1466987.2365221102
2021-11-10,空1張,空24張,多1.2732919254658386張,多30.15541005011752張,1466987.2365221102
2021-11-11,空1張,空25張,多1.2686566848592864張,多31.424066734976808張,1466987.2365221102
2021-11-12,空1張,空26張,多1.2576687116564418張,多32.68173544663325張,1466987.2365221102
2021-11-15,空1張,空27張,多1.2669126223771479張,多33.948648069010396張,1466987.2365221102
2021-11-16,空1張,空28張,多1.2577065661579918張,多35.20635463516839張,1466987.2365221102
2021-11-17,空1張,空29張,多1.2530864197530864張,多36.45944105492148張,1466987.2365221102
2021-11-18,空1張,空30張,多1.2392108813615508張,多37.69865193628303張,1466987.2365221102
2021-11-19,空1張,空31張,多1.222772268956475張,多38.921424205239504張,1466987.2365221102
2021-11-23,0,平倉31張,0,平倉38.921424205239504張,1599909.8489675256
2021-11-24,0,平倉0張,0,平倉0張,1599909.8489675256
2021-11-25,0,平倉0張,0,平倉0張,1599909.8489675256
2021-11-26,0,平倉0張,0,平倉0張,1599909.8489675256
2021-11-29,0,平倉0張,0,平倉0張,1599909.8489675256
2021-12-01,0,平倉0張,0,平倉0張,1599909.8489675256
2021-12-06,多1張,多1張,空1.217064035774054張,空1.217064035774054張,1599909.8489675256
2021-12-07,多1張,多2張,空1.2136645590062112張,空2.4307285947802653張,1599909.8489675256
2021-12-08,多1張,多3張,空1.212158801790541張,空3.6428873965708064張,1599909.8489675256
2021-12-09,多1張,多4張,空1.2081784835754084張,空4.851065880146215張,1599909.8489675256
2021-12-10,多1張,多5張,空1.2087499625張,空6.0598158426462145張,1599909.8489675256
2021-12-13,多1張,多6張,空1.199248037622254張,空7.259063880268469張,1599909.8489675256
2021-12-14,多1張,多7張,空1.2040301711831192張,空8.463094051451588張,1599909.8489675256
2021-12-15,多1張,多8張,空1.1941991603707756張,空9.657293211822363張,1599909.8489675256
2021-12-16,多1張,多9張,空1.2037974430379748張,空10.861090654860337張,1599909.8489675256
2021-12-17,多1張,多10張,空1.2093316314250329張,空12.070422286285371張,1599909.8489675256
2021-12-20,多1張,多11張,空1.2055837104473206張,空13.276005996732692張,1599909.8489675256
2021-12-21,多1張,多12張,空1.1889862030291314張,空14.464992199761824張,1599909.8489675256
2021-12-22,多1張,多13張,空1.190476145721448張,空15.655468345483271張,1599909.8489675256
2021-12-23,多1張,多14張,空1.1965173458577774張,空16.85198569134105張,1599909.8489675256
2021-12-24,多1張,多15張,空1.2039801068661666張,空18.055965798207215張,1599909.8489675256
2021-12-27,多1張,多16張,空1.2032218291160532張,空19.259187627323268張,1599909.8489675256
2021-12-28,多1張,多17張,空1.1975308641975309張,空20.4567184915208張,1599909.8489675256
2021-12-29,多1張,多18張,空1.191358024691358張,空21.648076516212157張,1599909.8489675256
2021-12-30,多1張,多19張,空1.186881168803917張,空22.834957685016075張,1599909.8489675256
