Index,台灣大哥大,台灣大哥大總張數,遠傳,遠傳總張數,目前收益
2018-04-09,多1張,多1張,空1.4066496703318287張,空1.4066496703318287張,0.0
2018-04-10,多1張,多2張,空1.3994911297580441張,空2.8061408000898727張,0.0
2018-04-11,多1張,多3張,空1.3994911297580441張,空4.205631929847916張,0.0
2018-04-12,多1張,多4張,空1.400255808193957張,空5.605887738041873張,0.0
2018-04-13,多1張,多5張,空1.39208168357286張,空6.997969421614733張,0.0
2018-04-16,多1張,多6張,空1.4148527891127476張,空8.41282221072748張,0.0
2018-04-17,多1張,多7張,空1.4038461538461537張,空9.816668364573633張,0.0
2018-04-18,多1張,多8張,空1.4084507402932327張,空11.225119104866867張,0.0
2018-04-19,多1張,多9張,空1.4066496703318287張,空12.631768775198696張,0.0
2018-04-20,多1張,多10張,空1.4157014703617041張,空14.0474702455604張,0.0
2018-04-23,多1張,多11張,空1.4102564102564104張,空15.45772665581681張,0.0
2018-04-24,多1張,多12張,空1.4046392114597734張,空16.862365867276583張,0.0
2018-04-25,多1張,多13張,空1.4018087493072675張,空18.26417461658385張,0.0
2018-04-26,多1張,多14張,空1.4046392114597734張,空19.668813828043625張,0.0
2018-04-27,多1張,多15張,空1.4028314569947795張,空21.071645285038404張,0.0
2018-04-30,多1張,多16張,空1.3966836378397032張,空22.468328922878108張,0.0
2018-05-02,多1張,多17張,空1.4267351634935026張,空23.89506408637161張,0.0
2018-05-03,多1張,多18張,空1.4230271116548339張,空25.318091198026444張,0.0
2018-05-04,多1張,多19張,空1.4202334998763555張,空26.7383246979028張,0.0
2018-05-08,多1張,多20張,空1.4304290915363045張,空28.168753789439105張,0.0
2018-05-09,0,平倉20張,0,平倉28.168753789439105張,51240.68023082058
2018-05-10,0,平倉0張,0,平倉0張,51240.68023082058
2018-05-11,0,平倉0張,0,平倉0張,51240.68023082058
2018-05-14,空1張,空1張,多1.436241610738255張,多1.436241610738255張,51240.68023082058
2018-05-18,0,平倉1張,0,平倉1.436241610738255張,52015.1479730028
2018-05-21,0,平倉0張,0,平倉0張,52015.1479730028
2018-05-22,0,平倉0張,0,平倉0張,52015.1479730028
2018-05-23,0,平倉0張,0,平倉0張,52015.1479730028
2018-05-24,多1張,多1張,空1.4064516129032258張,空1.4064516129032258張,52015.1479730028
2018-05-25,多1張,多2張,空1.391359646430482張,空2.7978112593337077張,52015.1479730028
2018-05-28,多1張,多3張,空1.4048530751652717張,空4.202664334498979張,52015.1479730028
2018-05-29,多1張,多4張,空1.4267185843506767張,空5.629382918849656張,52015.1479730028
2018-05-30,0,平倉4張,0,平倉5.629382918849656張,60948.23397031755
2018-05-31,0,平倉0張,0,平倉0張,60948.23397031755
2018-06-01,0,平倉0張,0,平倉0張,60948.23397031755
2018-06-04,空1張,空1張,多1.4369310419523786張,多1.4369310419523786張,60948.23397031755
2018-06-05,空1張,空2張,多1.4322916107177754張,多2.869222652670154張,60948.23397031755
2018-06-06,空1張,空3張,多1.425781194305422張,多4.295003846975576張,60948.23397031755
2018-06-07,空1張,空4張,多1.4148527891127476張,多5.709856636088324張,60948.23397031755
2018-06-11,0,平倉4張,0,平倉5.709856636088324張,61634.38036931661
2018-06-12,0,平倉0張,0,平倉0張,61634.38036931661
2018-06-13,0,平倉0張,0,平倉0張,61634.38036931661
2018-06-14,空1張,空1張,多1.4304290915363045張,多1.4304290915363045張,61634.38036931661
2018-06-15,空1張,空2張,多1.4370079305908634張,多2.867437022127168張,61634.38036931661
2018-06-19,空1張,空3張,多1.4503311258278146張,多4.3177681479549825張,61634.38036931661
2018-06-21,空1張,空4張,多1.4285714837286287張,多5.746339631683611張,61634.38036931661
2018-06-22,空1張,空5張,多1.4285714837286287張,多7.17491111541224張,61634.38036931661
2018-06-25,0,平倉5張,0,平倉7.17491111541224張,67909.09785832684
2018-06-26,0,平倉0張,0,平倉0張,67909.09785832684
2018-06-27,0,平倉0張,0,平倉0張,67909.09785832684
2018-06-28,0,平倉0張,0,平倉0張,67909.09785832684
2018-06-29,多1張,多1張,空1.402284210572936張,空1.402284210572936張,67909.09785832684
2018-07-02,多1張,多2張,空1.4230271116548339張,空2.82531132222777張,67909.09785832684
2018-07-03,多1張,多3張,空1.4112387709614773張,空4.236550093189248張,67909.09785832684
2018-07-04,多1張,多4張,空1.4068440708024317張,空5.64339416399168張,67909.09785832684
2018-07-05,多1張,多5張,空1.4005069353483666張,空7.043901099340046張,67909.09785832684
2018-07-06,多1張,多6張,空1.4068440708024317張,空8.450745170142477張,67909.09785832684
2018-07-09,多1張,多7張,空1.4096081266651865張,空9.860353296807665張,67909.09785832684
2018-07-12,0,平倉7張,0,平倉9.860353296807665張,71155.80463941138
2018-07-13,0,平倉0張,0,平倉0張,71155.80463941138
2018-07-16,0,平倉0張,0,平倉0張,71155.80463941138
2018-07-17,0,平倉0張,0,平倉0張,71155.80463941138
2018-07-18,空1張,空1張,多1.4276048328117772張,多1.4276048328117772張,71155.80463941138
2018-07-19,空1張,空2張,多1.4324692456015315張,多2.8600740784133087張,71155.80463941138
2018-07-20,空1張,空3張,多1.436388548191205張,多4.296462626604514張,71155.80463941138
2018-07-23,空1張,空4張,多1.4432284936587823張,多5.739691120263297張,71155.80463941138
2018-07-24,空1張,空5張,多1.448087491041837張,多7.187778611305134張,71155.80463941138
2018-07-25,空1張,空6張,多1.4551724137931035張,多8.642951025098238張,71155.80463941138
2018-07-26,空1張,空7張,多1.4432284936587823張,多10.086179518757021張,71155.80463941138
2018-07-27,空1張,空8張,多1.451169248328855張,多11.537348767085875張,71155.80463941138
2018-07-30,空1張,空9張,多1.451169248328855張,多12.98851801541473張,71155.80463941138
2018-07-31,空1張,空10張,多1.4531680841093135張,多14.441686099524043張,71155.80463941138
2018-08-01,空1張,空11張,多1.4701803459134632張,多15.911866445437507張,71155.80463941138
2018-08-02,空1張,空12張,多1.4664804878905164張,多17.378346933328025張,71155.80463941138
2018-08-03,空1張,空13張,多1.4644352077169545張,多18.842782141044978張,71155.80463941138
2018-08-06,空1張,空14張,多1.4734637283090426張,多20.31624586935402張,71155.80463941138
2018-08-07,空1張,空15張,多1.4644352077169545張,多21.780681077070973張,71155.80463941138
2018-08-08,空1張,空16張,多1.4623954820726122張,多23.243076559143585張,71155.80463941138
2018-08-09,空1張,空17張,多1.4664804878905164張,多24.709557047034103張,71155.80463941138
2018-08-10,空1張,空18張,多1.478382209695211張,多26.187939256729315張,71155.80463941138
2018-08-13,空1張,空19張,多1.4775909950254622張,多27.665530251754777張,71155.80463941138
2018-08-14,空1張,空20張,多1.4908579884910826張,多29.15638824024586張,71155.80463941138
2018-08-15,空1張,空21張,多1.4880112415229552張,多30.644399481768815張,71155.80463941138
2018-08-16,空1張,空22張,多1.4957265596464342張,多32.14012604141525張,71155.80463941138
2018-08-17,空1張,空23張,多1.5056817754067677張,多33.64580781682202張,71155.80463941138
2018-08-20,空1張,空24張,多1.4929577464788732張,多35.13876556330089張,71155.80463941138
2018-08-21,空1張,空25張,多1.491596596874045張,多36.63036216017494張,71155.80463941138
2018-08-22,空1張,空26張,多1.4902506341120905張,多38.12061279428703張,71155.80463941138
2018-08-23,空1張,空27張,多1.4909847847707292張,多39.61159757905776張,71155.80463941138
2018-08-24,空1張,空28張,多1.4758620689655173張,多41.08745964802328張,71155.80463941138
2018-08-27,空1張,空29張,多1.4807162942346086張,多42.56817594225789張,71155.80463941138
2018-08-28,空1張,空30張,多1.470588275529091張,多44.03876421778698張,71155.80463941138
2018-08-29,空1張,空31張,多1.4848065888174975張,多45.523570806604475張,71155.80463941138
2018-08-30,空1張,空32張,多1.4718019864567533張,多46.99537279306123張,71155.80463941138
2018-08-31,空1張,空33張,多1.4617486937875148張,多48.45712148684874張,71155.80463941138
2018-09-03,空1張,空34張,多1.4746227304630253張,多49.93174421731177張,71155.80463941138
2018-09-04,空1張,空35張,多1.4766482907974605張,多51.40839250810923張,71155.80463941138
2018-09-05,空1張,空36張,多1.4861111111111112張,多52.894503619220345張,71155.80463941138
2018-09-06,空1張,空37張,多1.4799446135569316張,多54.374448232777276張,71155.80463941138
2018-09-07,空1張,空38張,多1.4746227304630253張,多55.8490709632403張,71155.80463941138
2018-09-10,空1張,空39張,多1.4685792951603538張,多57.317650258400654張,71155.80463941138
2018-09-11,空1張,空40張,多1.4782015945994116張,多58.795851853000066張,71155.80463941138
2018-09-12,空1張,空41張,多1.480978301113541張,多60.276830154113604張,71155.80463941138
2018-09-13,空1張,空42張,多1.4709851948983859張,多61.74781534901199張,71155.80463941138
2018-09-14,空1張,空43張,多1.477732833407094張,多63.22554818241908張,71155.80463941138
2018-09-17,空1張,空44張,多1.474966130582784張,多64.70051431300186張,71155.80463941138
2018-09-18,空1張,空45張,多1.4670255127715135張,多66.16753982577337張,71155.80463941138
2018-09-19,空1張,空46張,多1.4717741539845657張,多67.63931397975794張,71155.80463941138
2018-09-20,空1張,空47張,多1.4709851948983859張,多69.11029917465633張,71155.80463941138
2018-09-21,空1張,空48張,多1.477732833407094張,多70.58803200806342張,71155.80463941138
2018-09-25,空1張,空49張,多1.4690027548114322張,多72.05703476287485張,71155.80463941138
2018-09-26,空1張,空50張,多1.4911081119318226張,多73.54814287480667張,71155.80463941138
2018-09-27,空1張,空51張,多1.4918255724298208張,多75.03996844723649張,71155.80463941138
2018-09-28,空1張,空52張,多1.5041208171378784張,多76.54408926437436張,71155.80463941138
2018-10-01,空1張,空53張,多1.495901700651709張,多78.03999096502608張,71155.80463941138
2018-10-02,空1張,空54張,多1.4890710992788703張,多79.52906206430495張,71155.80463941138
2018-10-03,空1張,空55張,多1.5020575719600118張,多81.03111963626496張,71155.80463941138
2018-10-04,空1張,空56張,多1.4896551724137932張,多82.52077480867875張,71155.80463941138
2018-10-05,空1張,空57張,多1.480218220454916張,多84.00099302913367張,71155.80463941138
2018-10-08,空1張,空58張,多1.4993123039606178張,多85.50030533309429張,71155.80463941138
2018-10-09,空1張,空59張,多1.5034482758620689張,多87.00375360895636張,71155.80463941138
2018-10-11,空1張,空60張,多1.5041782101318295張,多88.50793181908818張,71155.80463941138
2018-10-12,空1張,空61張,多1.5069444444444444張,多90.01487626353263張,71155.80463941138
2018-10-15,空1張,空62張,多1.522662932653341張,多91.53753919618597張,71155.80463941138
2018-10-16,空1張,空63張,多1.511955035498032張,多93.04949423168401張,71155.80463941138
2018-10-17,空1張,空64張,多1.508379930401674張,多94.55787416208568張,71155.80463941138
2018-10-18,空1張,空65張,多1.5張,多96.05787416208568張,71155.80463941138
2018-10-19,空1張,空66張,多1.509040291820854張,多97.56691445390653張,71155.80463941138
2018-10-22,空1張,空67張,多1.493775871627557張,多99.0606903255341張,71155.80463941138
2018-10-23,空1張,空68張,多1.4848065888174975張,多100.54549691435159張,71155.80463941138
2018-10-24,空1張,空69張,多1.4863013698630136張,多102.0317982842146張,71155.80463941138
2018-10-30,空1張,空70張,多1.5068493150684932張,多103.5386475992831張,71155.80463941138
2018-10-31,空1張,空71張,多1.4993216349791711張,多105.03796923426226張,71155.80463941138
2018-11-01,空1張,空72張,多1.5103448275862068張,多106.54831406184847張,71155.80463941138
2018-11-02,空1張,空73張,多1.5104895104895104張,多108.05880357233798張,71155.80463941138
2018-11-05,空1張,空74張,多1.502770145544466張,多109.56157371788244張,71155.80463941138
2018-11-06,空1張,空75張,多1.5202232156299813張,多111.08179693351242張,71155.80463941138
2018-11-07,空1張,空76張,多1.5089162823342583張,多112.59071321584668張,71155.80463941138
2018-11-08,空1張,空77張,多1.5020575719600118張,多114.09277078780669張,71155.80463941138
2018-11-09,空1張,空78張,多1.4890710992788703張,多115.58184188708556張,71155.80463941138
2018-11-12,空1張,空79張,多1.5020575719600118張,多117.08389945904557張,71155.80463941138
2018-11-13,空1張,空80張,多1.4986375613450256張,多118.58253702039059張,71155.80463941138
2018-11-14,空1張,空81張,多1.4952638296275012張,多120.0778008500181張,71155.80463941138
2018-11-15,空1張,空82張,多1.5054495502602303張,多121.58325040027832張,71155.80463941138
2018-11-16,0,平倉82張,0,平倉121.58325040027832張,68335.36799477733
2018-11-19,0,平倉0張,0,平倉0張,68335.36799477733
2018-11-20,0,平倉0張,0,平倉0張,68335.36799477733
2018-11-21,0,平倉0張,0,平倉0張,68335.36799477733
2018-11-22,多1張,多1張,空1.4817320302643564張,空1.4817320302643564張,68335.36799477733
2018-11-23,多1張,多2張,空1.476510067114094張,空2.9582420973784505張,68335.36799477733
2018-11-26,多1張,多3張,空1.4737549876007408張,空4.431997084979191張,68335.36799477733
2018-11-27,多1張,多4張,空1.489795918367347張,空5.921793003346538張,68335.36799477733
2018-11-28,多1張,多5張,空1.4864864864864864張,空7.408279489833024張,68335.36799477733
2018-11-29,多1張,多6張,空1.4911081119318226張,空8.899387601764847張,68335.36799477733
2018-11-30,0,平倉6張,0,平倉8.899387601764847張,75278.3988852186
2018-12-03,0,平倉0張,0,平倉0張,75278.3988852186
2018-12-04,0,平倉0張,0,平倉0張,75278.3988852186
2018-12-05,0,平倉0張,0,平倉0張,75278.3988852186
2018-12-06,0,平倉0張,0,平倉0張,75278.3988852186
2018-12-07,多1張,多1張,空1.483516422382565張,空1.483516422382565張,75278.3988852186
2018-12-10,多1張,多2張,空1.4848065888174975張,空2.9683230112000625張,75278.3988852186
2018-12-11,多1張,多3張,空1.4876033467659324張,空4.4559263579659945張,75278.3988852186
2018-12-12,多1張,多4張,空1.4758620689655173張,空5.9317884269315115張,75278.3988852186
2018-12-13,多1張,多5張,空1.4814814408372718張,空7.413269867768784張,75278.3988852186
2018-12-14,多1張,多6張,空1.4848065888174975張,空8.898076456586281張,75278.3988852186
2018-12-17,多1張,多7張,空1.4855571452086855張,空10.383633601794967張,75278.3988852186
2018-12-18,多1張,多8張,空1.493775871627557張,空11.877409473422524張,75278.3988852186
2018-12-19,多1張,多9張,空1.4876033467659324張,空13.365012820188458張,75278.3988852186
2018-12-20,多1張,多10張,空1.483516422382565張,空14.848529242571022張,75278.3988852186
2018-12-24,0,平倉10張,0,平倉14.848529242571022張,72713.09705116342
2018-12-25,0,平倉0張,0,平倉0張,72713.09705116342
2018-12-28,0,平倉0張,0,平倉0張,72713.09705116342
2019-01-02,0,平倉0張,0,平倉0張,72713.09705116342
2019-01-08,多1張,多1張,空1.470588275529091張,空1.470588275529091張,72713.09705116342
2019-01-09,多1張,多2張,空1.4814814408372718張,空2.952069716366363張,72713.09705116342
2019-01-10,多1張,多3張,空1.4814814408372718張,空4.433551157203635張,72713.09705116342
2019-01-11,多1張,多4張,空1.4924347245846517張,空5.925985881788286張,72713.09705116342
2019-01-16,0,平倉4張,0,平倉5.925985881788286張,75255.01103279427
2019-01-17,0,平倉0張,0,平倉0張,75255.01103279427
2019-01-18,0,平倉0張,0,平倉0張,75255.01103279427
2019-01-21,0,平倉0張,0,平倉0張,75255.01103279427
2019-01-22,空1張,空1張,多1.5055248202893696張,多1.5055248202893696張,75255.01103279427
2019-01-23,空1張,空2張,多1.5138888888888888張,多3.0194137091782585張,75255.01103279427
2019-01-24,空1張,空3張,多1.5076071296981826張,多4.527020838876441張,75255.01103279427
2019-01-25,空1張,空4張,多1.5166205616324333張,多6.043641400508874張,75255.01103279427
2019-01-28,空1張,空5張,多1.502086189093569張,多7.545727589602443張,75255.01103279427
2019-01-29,空1張,空6張,多1.5244755244755244張,多9.070203114077968張,75255.01103279427
2019-01-30,空1張,空7張,多1.5293296516572528張,多10.599532765735221張,75255.01103279427
2019-02-11,空1張,空8張,多1.5208333333333333張,多12.120366099068555張,75255.01103279427
2019-02-12,空1張,空9張,多1.5111419981416991張,多13.631508097210254張,75255.01103279427
2019-02-13,空1張,空10張,多1.5211267605633803張,多15.152634857773634張,75255.01103279427
2019-02-14,空1張,空11張,多1.5049226864957155張,多16.65755754426935張,75255.01103279427
2019-02-15,空1張,空12張,多1.5238764687026602張,多18.18143401297201張,75255.01103279427
2019-02-18,空1張,空13張,多1.5244755244755244張,多19.705909537447532張,75255.01103279427
2019-02-19,空1張,空14張,多1.5174825174825175張,多21.22339205493005張,75255.01103279427
2019-02-20,空1張,空15張,多1.5153631708202002張,多22.73875522575025張,75255.01103279427
2019-02-21,空1張,空16張,多1.5314685314685315張,多24.27022375721878張,75255.01103279427
2019-02-22,空1張,空17張,多1.5384615384615385張,多25.80868529568032張,75255.01103279427
2019-02-25,空1張,空18張,多1.518724036580417張,多27.327409332260736張,75255.01103279427
2019-02-26,空1張,空19張,多1.5363128920757791張,多28.863722224336513張,75255.01103279427
2019-02-27,空1張,空20張,多1.5256588495328391張,多30.38938107386935張,75255.01103279427
2019-03-04,空1張,空21張,多1.5277777777777777張,多31.91715885164713張,75255.01103279427
2019-03-05,空1張,空22張,多1.5299026000027094張,多33.44706145164984張,75255.01103279427
2019-03-06,空1張,空23張,多1.5271967166191096張,多34.974258168268946張,75255.01103279427
2019-03-07,空1張,空24張,多1.5250695741614384張,多36.49932774243038張,75255.01103279427
2019-03-08,空1張,空25張,多1.5271967166191096張,多38.02652445904949張,75255.01103279427
2019-03-11,空1張,空26張,多1.5427769336839998張,多39.56930139273349張,75255.01103279427
2019-03-12,空1張,空27張,多1.5357643112581636張,多41.105065703991656張,75255.01103279427
2019-03-13,空1張,空28張,多1.5277777777777777張,多42.632843481769434張,75255.01103279427
2019-03-14,空1張,空29張,多1.5244755244755244張,多44.15731900624496張,75255.01103279427
2019-03-15,空1張,空30張,多1.5368567027299944張,多45.69417570897495張,75255.01103279427
2019-03-18,空1張,空31張,多1.5172413793103448張,多47.211417088285295張,75255.01103279427
2019-03-19,空1張,空32張,多1.5220386094225513張,多48.733455697707846張,75255.01103279427
2019-03-20,空1張,空33張,多1.515774992708505張,多50.249230690416354張,75255.01103279427
2019-03-21,空1張,空34張,多1.507503348942564張,多51.75673403935892張,75255.01103279427
2019-03-26,0,平倉34張,0,平倉51.75673403935892張,51710.426647551285
2019-03-27,0,平倉0張,0,平倉0張,51710.426647551285
2019-04-02,0,平倉0張,0,平倉0張,51710.426647551285
2019-04-03,0,平倉0張,0,平倉0張,51710.426647551285
2019-04-08,0,平倉0張,0,平倉0張,51710.426647551285
2019-04-09,0,平倉0張,0,平倉0張,51710.426647551285
2019-04-10,0,平倉0張,0,平倉0張,51710.426647551285
2019-04-11,0,平倉0張,0,平倉0張,51710.426647551285
2019-04-15,多1張,多1張,空1.493943412088422張,空1.493943412088422張,51710.426647551285
2019-04-16,多1張,多2張,空1.492637275474054張,空2.9865806875624763張,51710.426647551285
2019-04-17,多1張,多3張,空1.4946381097758206張,空4.481218797338297張,51710.426647551285
2019-04-18,多1張,多4張,空1.499330716171247張,空5.980549513509544張,51710.426647551285
2019-04-19,多1張,多5張,空1.5026954785456395張,空7.483244992055184張,51710.426647551285
2019-04-22,多1張,多6張,空1.5026954785456395張,空8.985940470600823張,51710.426647551285
2019-04-23,多1張,多7張,空1.50602415686844張,空10.491964627469264張,51710.426647551285
2019-04-24,多1張,多8張,空1.4973261431553686張,空11.989290770624631張,51710.426647551285
2019-04-25,多1張,多9張,空1.5張,空13.489290770624631張,51710.426647551285
2019-04-26,多1張,多10張,空1.4907651125027張,空14.980055883127331張,51710.426647551285
2019-04-29,多1張,多11張,空1.5006639508367614張,空16.48071983396409張,51710.426647551285
2019-04-30,多1張,多12張,空1.4907651125027張,空17.97148494646679張,51710.426647551285
2019-05-02,多1張,多13張,空1.506578947368421張,空19.478063893835213張,51710.426647551285
2019-05-03,多1張,多14張,空1.5105540299253022張,空20.988617923760515張,51710.426647551285
2019-05-06,多1張,多15張,空1.5066666666666666張,空22.495284590427183張,51710.426647551285
2019-05-07,多1張,多16張,空1.5張,空23.995284590427183張,51710.426647551285
2019-05-08,多1張,多17張,空1.509308570850076張,空25.50459316127726張,51710.426647551285
2019-05-09,多1張,多18張,空1.513944162791069張,空27.01853732406833張,51710.426647551285
2019-05-10,多1張,多19張,空1.5019762450072136張,空28.520513569075543張,51710.426647551285
2019-05-16,多1張,多20張,空1.509933774834437張,空30.03044734390998張,51710.426647551285
2019-05-17,0,平倉20張,0,平倉30.03044734390998張,74895.98750207902
2019-05-20,0,平倉0張,0,平倉0張,74895.98750207902
2019-05-21,0,平倉0張,0,平倉0張,74895.98750207902
2019-05-22,空1張,空1張,多1.5314135724760845張,多1.5314135724760845張,74895.98750207902
2019-05-23,空1張,空2張,多1.5299478569030784張,多3.061361429379163張,74895.98750207902
2019-05-24,空1張,空3張,多1.5379580749225634張,多4.599319504301727張,74895.98750207902
2019-05-27,空1張,空4張,多1.5324675324675325張,多6.13178703676926張,74895.98750207902
2019-05-28,空1張,空5張,多1.5183245675831265張,多7.650111604352386張,74895.98750207902
2019-05-29,空1張,空6張,多1.5161290322580645張,多9.16624063661045張,74895.98750207902
2019-05-31,0,平倉6張,0,平倉9.16624063661045張,84411.61888278648
2019-06-03,0,平倉0張,0,平倉0張,84411.61888278648
2019-06-05,多1張,多1張,空1.5114795532785827張,空1.5114795532785827張,84411.61888278648
2019-06-06,多1張,多2張,空1.5095541401273886張,空3.0210336934059714張,84411.61888278648
2019-06-10,0,平倉2張,0,平倉3.0210336934059714張,84976.89991162131
2019-06-11,0,平倉0張,0,平倉0張,84976.89991162131
2019-06-13,空1張,空1張,多1.5428937655030415張,多1.5428937655030415張,84976.89991162131
2019-06-14,空1張,空2張,多1.544871794871795張,多3.0877655603748364張,84976.89991162131
2019-06-17,空1張,空3張,多1.5359896579952572張,多4.623755218370094張,84976.89991162131
2019-06-18,空1張,空4張,多1.528133050951396張,多6.151888269321489張,84976.89991162131
2019-06-19,空1張,空5張,多1.5414012738853504張,多7.6932895432068396張,84976.89991162131
2019-06-20,空1張,空6張,多1.5473146373650117張,多9.240604180571852張,84976.89991162131
2019-06-21,空1張,空7張,多1.5601023616407557張,多10.800706542212607張,84976.89991162131
2019-06-24,空1張,空8張,多1.554568468734703張,多12.35527501094731張,84976.89991162131
2019-06-25,空1張,空9張,多1.5565438966916352張,多13.911818907638946張,84976.89991162131
2019-06-26,空1張,空10張,多1.5644954700704161張,多15.476314377709361張,84976.89991162131
2019-06-27,空1張,空11張,多1.5565438966916352張,多17.032858274400997張,84976.89991162131
2019-06-28,空1張,空12張,多1.5644954700704161張,多18.597353744471413張,84976.89991162131
2019-07-01,空1張,空13張,多1.5473146373650117張,多20.144668381836425張,84976.89991162131
2019-07-02,空1張,空14張,多1.5605095541401275張,多21.705177935976554張,84976.89991162131
2019-07-03,空1張,空15張,多1.5705128205128205張,多23.275690756489375張,84976.89991162131
2019-07-04,空1張,空16張,多1.5601023616407557張,多24.83579311813013張,84976.89991162131
2019-07-05,空1張,空17張,多1.5705128205128205張,多26.40630593864295張,84976.89991162131
2019-07-08,空1張,空18張,多1.56611035773786張,多27.97241629638081張,84976.89991162131
2019-07-09,0,平倉18張,0,平倉27.97241629638081張,212851.50915640272
2019-07-10,0,平倉0張,0,平倉0張,212851.50915640272
2019-07-11,0,平倉0張,0,平倉0張,212851.50915640272
2019-07-12,0,平倉0張,0,平倉0張,212851.50915640272
2019-07-15,多1張,多1張,空1.4539473684210527張,空1.4539473684210527張,212851.50915640272
2019-07-16,多1張,多2張,空1.5336134024197927張,空2.9875607708408456張,212851.50915640272
2019-07-17,0,平倉2張,0,平倉2.9875607708408456張,219423.4357416314
2019-07-18,0,平倉0張,0,平倉0張,219423.4357416314
2019-07-19,0,平倉0張,0,平倉0張,219423.4357416314
2019-07-22,空1張,空1張,多1.5416666666666667張,多1.5416666666666667張,219423.4357416314
2019-07-23,空1張,空2張,多1.5304709777204009張,多3.072137644387068張,219423.4357416314
2019-07-24,空1張,空3張,多1.5293296516572528張,多4.601467296044321張,219423.4357416314
2019-07-25,空1張,空4張,多1.5320333621713078張,多6.133500658215629張,219423.4357416314
2019-07-26,0,平倉4張,0,平倉6.133500658215629張,222559.95225594952
2019-07-29,0,平倉0張,0,平倉0張,222559.95225594952
2019-07-30,0,平倉0張,0,平倉0張,222559.95225594952
2019-07-31,0,平倉0張,0,平倉0張,222559.95225594952
2019-08-02,0,平倉0張,0,平倉0張,222559.95225594952
2019-08-05,0,平倉0張,0,平倉0張,222559.95225594952
2019-08-06,0,平倉0張,0,平倉0張,222559.95225594952
2019-08-07,0,平倉0張,0,平倉0張,222559.95225594952
2019-08-12,0,平倉0張,0,平倉0張,222559.95225594952
2019-08-13,0,平倉0張,0,平倉0張,222559.95225594952
2019-08-14,0,平倉0張,0,平倉0張,222559.95225594952
2019-08-15,空1張,空1張,多1.5546218051926666張,多1.5546218051926666張,222559.95225594952
2019-08-16,空1張,空2張,多1.540616203344084張,多3.0952380085367506張,222559.95225594952
2019-08-19,空1張,空3張,多1.540616203344084張,多4.635854211880835張,222559.95225594952
2019-08-20,空1張,空4張,多1.5384615384615385張,多6.174315750342373張,222559.95225594952
2019-08-21,空1張,空5張,多1.534170217608238張,多7.708485967950611張,222559.95225594952
2019-08-22,空1張,空6張,多1.539528475437683張,多9.248014443388294張,222559.95225594952
2019-08-23,空1張,空7張,多1.5416666666666667張,多10.78968111005496張,222559.95225594952
2019-08-26,空1張,空8張,多1.5384615384615385張,多12.328142648516499張,222559.95225594952
2019-08-27,空1張,空9張,多1.5384615384615385張,多13.866604186978037張,222559.95225594952
2019-08-28,空1張,空10張,多1.5481172195864947張,多15.414721406564531張,222559.95225594952
2019-08-29,空1張,空11張,多1.540055206075823張,多16.954776612640355張,222559.95225594952
2019-08-30,0,平倉11張,0,平倉16.954776612640355張,228125.39676091084
2019-09-02,0,平倉0張,0,平倉0張,228125.39676091084
2019-09-03,0,平倉0張,0,平倉0張,228125.39676091084
2019-09-04,0,平倉0張,0,平倉0張,228125.39676091084
2019-09-06,0,平倉0張,0,平倉0張,228125.39676091084
2019-09-10,0,平倉0張,0,平倉0張,228125.39676091084
2019-09-11,0,平倉0張,0,平倉0張,228125.39676091084
2019-09-12,0,平倉0張,0,平倉0張,228125.39676091084
2019-09-16,空1張,空1張,多1.5510204081632653張,多1.5510204081632653張,228125.39676091084
2019-09-17,空1張,空2張,多1.5468114605214978張,多3.097831868684763張,228125.39676091084
2019-09-18,空1張,空3張,多1.5472972972972974張,多4.645129165982061張,228125.39676091084
2019-09-19,空1張,空4張,多1.5493910270800804張,多6.194520193062141張,228125.39676091084
2019-09-20,空1張,空5張,多1.5363882022798465張,多7.730908395341988張,228125.39676091084
2019-09-23,空1張,空6張,多1.5421196071228154張,多9.273028002464804張,228125.39676091084
2019-09-24,空1張,空7張,多1.5374149659863945張,多10.810442968451198張,228125.39676091084
2019-09-25,空1張,空8張,多1.547945205479452張,多12.358388173930651張,228125.39676091084
2019-09-26,空1張,空9張,多1.554332938968347張,多13.912721112898998張,228125.39676091084
2019-09-27,空1張,空10張,多1.5448275862068965張,多15.457548699105894張,228125.39676091084
2019-10-01,空1張,空11張,多1.5463214837514583張,多17.00387018285735張,228125.39676091084
2019-10-02,空1張,空12張,多1.559065869818714張,多18.562936052676065張,228125.39676091084
2019-10-03,空1張,空13張,多1.556016532945372張,多20.118952585621436張,228125.39676091084
2019-10-04,空1張,空14張,多1.5655172413793104張,多21.684469827000747張,228125.39676091084
2019-10-07,空1張,空15張,多1.5655172413793104張,多23.249987068380058張,228125.39676091084
2019-10-08,空1張,空16張,多1.572022225984303張,多24.82200929436436張,228125.39676091084
2019-10-09,空1張,空17張,多1.5603329142949491張,多26.38234220865931張,228125.39676091084
2019-10-14,空1張,空18張,多1.574202540199793張,多27.956544748859102張,228125.39676091084
2019-10-15,空1張,空19張,多1.574202540199793張,多29.530747289058894張,228125.39676091084
2019-10-16,空1張,空20張,多1.5698477910159976張,多31.100595080074893張,228125.39676091084
2019-10-17,空1張,空21張,多1.5569272549539848張,多32.65752233502888張,228125.39676091084
2019-10-18,空1張,空22張,多1.5395094948362535張,多34.19703182986513張,228125.39676091084
2019-10-22,0,平倉22張,0,平倉34.19703182986513張,251126.68835512266
2019-10-23,0,平倉0張,0,平倉0張,251126.68835512266
2019-10-24,多1張,多1張,空1.5395094948362535張,空1.5395094948362535張,251126.68835512266
2019-10-25,0,平倉1張,0,平倉1.5395094948362535張,251458.094643006
2019-10-28,0,平倉0張,0,平倉0張,251458.094643006
2019-10-29,0,平倉0張,0,平倉0張,251458.094643006
2019-10-30,0,平倉0張,0,平倉0張,251458.094643006
2019-10-31,空1張,空1張,多1.5547945205479452張,多1.5547945205479452張,251458.094643006
2019-11-01,空1張,空2張,多1.5552523237959486張,多3.110046844343894張,251458.094643006
2019-11-04,空1張,空3張,多1.5447153843611632張,多4.654762228705057張,251458.094643006
2019-11-05,空1張,空4張,多1.554054054054054張,多6.208816282759111張,251458.094643006
2019-11-06,空1張,空5張,多1.565040586786968張,多7.773856869546079張,251458.094643006
2019-11-08,0,平倉5張,0,平倉7.773856869546079張,258273.95100414666
2019-11-11,0,平倉0張,0,平倉0張,258273.95100414666
2019-11-12,0,平倉0張,0,平倉0張,258273.95100414666
2019-11-13,0,平倉0張,0,平倉0張,258273.95100414666
2019-11-14,0,平倉0張,0,平倉0張,258273.95100414666
2019-11-15,0,平倉0張,0,平倉0張,258273.95100414666
2019-11-18,空1張,空1張,多1.5714285714285714張,多1.5714285714285714張,258273.95100414666
2019-11-19,空1張,空2張,多1.5625000424592403張,多3.1339286138878117張,258273.95100414666
2019-11-20,空1張,空3張,多1.5549598272107192張,多4.6888884410985305張,258273.95100414666
2019-11-21,空1張,空4張,多1.5608108108108107張,多6.249699251909341張,258273.95100414666
2019-11-29,空1張,空5張,多1.5663475120751713張,多7.816046763984512張,258273.95100414666
2019-12-02,空1張,空6張,多1.5667574504970723張,多9.382804214481585張,258273.95100414666
2019-12-03,空1張,空7張,多1.564625850340136張,多10.94743006482172張,258273.95100414666
2019-12-04,空1張,空8張,多1.5710383157529366張,多12.518468380574657張,258273.95100414666
2019-12-05,空1張,空9張,多1.5800274030103256張,多14.098495783584982張,258273.95100414666
2019-12-06,空1張,空10張,多1.5684931506849316張,多15.666988934269913張,258273.95100414666
2019-12-09,空1張,空11張,多1.5659340014038186張,多17.23292293567373張,258273.95100414666
2019-12-10,空1張,空12張,多1.572022225984303張,多18.804945161658033張,258273.95100414666
2019-12-11,空1張,空13張,多1.572022225984303張,多20.376967387642335張,258273.95100414666
2019-12-12,空1張,空14張,多1.572802132988923張,多21.949769520631257張,258273.95100414666
2019-12-13,空1張,空15張,多1.5771350296731412張,多23.526904550304398張,258273.95100414666
2019-12-16,空1張,空16張,多1.5650970179403194張,多25.09200156824472張,258273.95100414666
2019-12-17,空1張,空17張,多1.5607734375476952張,多26.652775005792414張,258273.95100414666
2019-12-18,空1張,空18張,多1.5655172413793104張,多28.218292247171725張,258273.95100414666
2019-12-19,0,平倉18張,0,平倉28.218292247171725張,273299.21160631086
2019-12-20,0,平倉0張,0,平倉0張,273299.21160631086
2019-12-23,0,平倉0張,0,平倉0張,273299.21160631086
2019-12-24,0,平倉0張,0,平倉0張,273299.21160631086
2019-12-25,0,平倉0張,0,平倉0張,273299.21160631086
2019-12-26,0,平倉0張,0,平倉0張,273299.21160631086
2019-12-30,多1張,多1張,空1.5437159102615812張,空1.5437159102615812張,273299.21160631086
2019-12-31,多1張,多2張,空1.553398101342527張,空3.0971140116041083張,273299.21160631086
2020-01-02,多1張,多3張,空1.556016532945372張,空4.65313054454948張,273299.21160631086
2020-01-03,多1張,多4張,空1.556016532945372張,空6.209147077494852張,273299.21160631086
2020-01-06,多1張,多5張,空1.5347222222222223張,空7.743869299717074張,273299.21160631086
2020-01-08,多1張,多6張,空1.5314685314685315張,空9.275337831185606張,273299.21160631086
2020-01-09,多1張,多7張,空1.5492957746478873張,空10.824633605833494張,273299.21160631086
2020-01-10,多1張,多8張,空1.5336134024197927張,空12.358247008253286張,273299.21160631086
2020-01-13,多1張,多9張,空1.5308989409086633張,空13.88914594916195張,273299.21160631086
2020-01-14,多1張,多10張,空1.5303243573956458張,空15.419470306557596張,273299.21160631086
2020-01-15,多1張,多11張,空1.5275813943811059張,空16.9470517009387張,273299.21160631086
2020-01-16,多1張,多12張,空1.5362730496611785張,空18.48332475059988張,273299.21160631086
2020-01-17,多1張,多13張,空1.5373765433744275張,空20.02070129397431張,273299.21160631086
2020-01-20,多1張,多14張,空1.5346535304662037張,空21.555354824440514張,273299.21160631086
2020-01-30,多1張,多15張,空1.5507246376811594張,空23.106079462121674張,273299.21160631086
2020-01-31,多1張,多16張,空1.5597668093226476張,空24.66584627144432張,273299.21160631086
2020-02-03,0,平倉16張,0,平倉24.66584627144432張,324109.26956188516
2020-02-04,0,平倉0張,0,平倉0張,324109.26956188516
2020-02-06,空1張,空1張,多1.6026588597928595張,多1.6026588597928595張,324109.26956188516
2020-02-07,空1張,空2張,多1.6044776119402986張,多3.207136471733158張,324109.26956188516
2020-02-10,空1張,空3張,多1.602373839692171張,多4.8095103114253295張,324109.26956188516
2020-02-11,空1張,空4張,多1.5949554422861887張,多6.404465753711518張,324109.26956188516
2020-02-12,空1張,空5張,多1.5970149253731343張,多8.001480679084652張,324109.26956188516
2020-02-13,空1張,空6張,多1.6071429288903094張,多9.608623607974963張,324109.26956188516
2020-02-14,空1張,空7張,多1.5982405395120474張,多11.20686414748701張,324109.26956188516
2020-02-17,空1張,空8張,多1.6008771461731828張,多12.807741293660193張,324109.26956188516
2020-02-18,空1張,空9張,多1.5862572635597292張,多14.393998557219922張,324109.26956188516
2020-02-19,空1張,空10張,多1.5747459629972145張,多15.968744520217136張,324109.26956188516
2020-02-20,空1張,空11張,多1.6050296332849003張,多17.573774153502036張,324109.26956188516
2020-02-21,空1張,空12張,多1.6097922370981532張,多19.18356639060019張,324109.26956188516
2020-02-24,空1張,空13張,多1.596701720991082張,多20.780268111591273張,324109.26956188516
2020-02-25,空1張,空14張,多1.5943113056447018張,多22.374579417235974張,324109.26956188516
2020-02-26,空1張,空15張,多1.5984848484848484張,多23.973064265720822張,324109.26956188516
2020-02-27,空1張,空16張,多1.5885023173525663張,多25.56156658307339張,324109.26956188516
2020-03-02,空1張,空17張,多1.5846153846153845張,多27.146181967688776張,324109.26956188516
2020-03-03,空1張,空18張,多1.5929878534447517張,多28.739169821133526張,324109.26956188516
2020-03-04,空1張,空19張,多1.6066066548530527張,多30.34577647598658張,324109.26956188516
2020-03-05,空1張,空20張,多1.6242514240605648張,多31.970027900047143張,324109.26956188516
2020-03-06,空1張,空21張,多1.6012085317768219張,多33.57123643182396張,324109.26956188516
2020-03-09,空1張,空22張,多1.6張,多35.171236431823964張,324109.26956188516
2020-03-10,空1張,空23張,多1.598793291155658張,多36.77002972297962張,324109.26956188516
2020-03-11,空1張,空24張,多1.5912518133671878張,多38.36128153634681張,324109.26956188516
2020-03-12,空1張,空25張,多1.6356589147286822張,多39.99694045107549張,324109.26956188516
2020-03-13,空1張,空26張,多1.68張,多41.67694045107549張,324109.26956188516
2020-03-16,空1張,空27張,多1.6995073333495128張,多43.376447784425004張,324109.26956188516
2020-03-17,空1張,空28張,多1.6427431954905392張,多45.01919097991554張,324109.26956188516
2020-03-18,空1張,空29張,多1.6031746031746033張,多46.622365583090144張,324109.26956188516
2020-03-19,空1張,空30張,多1.6025640511998702張,多48.224929634290014張,324109.26956188516
2020-03-20,空1張,空31張,多1.6112903548387096張,多49.83621998912872張,324109.26956188516
2020-03-23,空1張,空32張,多1.6415410110294637張,多51.47776100015818張,324109.26956188516
2020-03-24,空1張,空33張,多1.6074917554562946張,多53.085252755614476張,324109.26956188516
2020-03-25,空1張,空34張,多1.6088327568191558張,多54.69408551243363張,324109.26956188516
2020-03-27,0,平倉34張,0,平倉54.69408551243363張,412779.607787717
2020-03-30,0,平倉0張,0,平倉0張,412779.607787717
2020-03-31,0,平倉0張,0,平倉0張,412779.607787717
2020-04-01,0,平倉0張,0,平倉0張,412779.607787717
2020-04-06,0,平倉0張,0,平倉0張,412779.607787717
2020-04-07,0,平倉0張,0,平倉0張,412779.607787717
2020-04-08,0,平倉0張,0,平倉0張,412779.607787717
2020-04-09,0,平倉0張,0,平倉0張,412779.607787717
2020-04-10,空1張,空1張,多1.6302652614747353張,多1.6302652614747353張,412779.607787717
2020-04-13,空1張,空2張,多1.6124031007751938張,多3.242668362249929張,412779.607787717
2020-04-14,空1張,空3張,多1.615853707800418張,多4.858522070050347張,412779.607787717
2020-04-15,空1張,空4張,多1.61119520760046張,多6.4697172776508065張,412779.607787717
2020-04-16,空1張,空5張,多1.6156201401705907張,多8.085337417821398張,412779.607787717
2020-04-17,空1張,空6張,多1.6084976750076578張,多9.693835092829056張,412779.607787717
2020-04-20,空1張,空7張,多1.6261397434890694張,多11.319974836318126張,412779.607787717
2020-04-21,空1張,空8張,多1.63580239340421張,多12.955777229722337張,412779.607787717
2020-04-22,空1張,空9張,多1.623277107659551張,多14.579054337381887張,412779.607787717
2020-04-23,空1張,空10張,多1.6356589147286822張,多16.21471325211057張,412779.607787717
2020-04-24,空1張,空11張,多1.618320610687023張,多17.833033862797592張,412779.607787717
2020-04-27,空1張,空12張,多1.63142001350846張,多19.464453876306052張,412779.607787717
2020-04-28,空1張,空13張,多1.641337311185229張,多21.10579118749128張,412779.607787717
2020-04-29,空1張,空14張,多1.6039156143398912張,多22.70970680183117張,412779.607787717
2020-04-30,空1張,空15張,多1.6189758548501247張,多24.328682656681295張,412779.607787717
2020-05-05,0,平倉15張,0,平倉24.328682656681295張,428110.105149078
2020-05-06,0,平倉0張,0,平倉0張,428110.105149078
2020-05-08,0,平倉0張,0,平倉0張,428110.105149078
2020-05-11,0,平倉0張,0,平倉0張,428110.105149078
2020-05-12,0,平倉0張,0,平倉0張,428110.105149078
2020-05-13,0,平倉0張,0,平倉0張,428110.105149078
2020-05-14,0,平倉0張,0,平倉0張,428110.105149078
2020-05-15,0,平倉0張,0,平倉0張,428110.105149078
2020-05-18,0,平倉0張,0,平倉0張,428110.105149078
2020-05-19,空1張,空1張,多1.6363636363636365張,多1.6363636363636365張,428110.105149078
2020-05-20,空1張,空2張,多1.6337385273371492張,多3.270102163700786張,428110.105149078
2020-05-21,空1張,空3張,多1.6238671430755505張,多4.893969306776336張,428110.105149078
2020-05-22,空1張,空4張,多1.6334356579801683張,多6.527404964756505張,428110.105149078
2020-05-25,空1張,空5張,多1.6462480101264312張,多8.173652974882936張,428110.105149078
2020-05-26,空1張,空6張,多1.6337385273371492張,多9.807391502220085張,428110.105149078
2020-05-27,空1張,空7張,多1.6462480101264312張,多11.453639512346516張,428110.105149078
2020-05-28,空1張,空8張,多1.6487730819987616張,多13.102412594345278張,428110.105149078
2020-05-29,空1張,空9張,多1.6615147601938838張,多14.763927354539161張,428110.105149078
2020-06-01,空1張,空10張,多1.635944750720269張,多16.39987210525943張,428110.105149078
2020-06-02,空1張,空11張,多1.633587786259542張,多18.033459891518973張,428110.105149078
2020-06-03,空1張,空12張,多1.6194029850746268張,多19.6528628765936張,428110.105149078
2020-06-05,0,平倉12張,0,平倉19.6528628765936張,445249.7946590354
2020-06-08,0,平倉0張,0,平倉0張,445249.7946590354
2020-06-09,0,平倉0張,0,平倉0張,445249.7946590354
2020-06-11,多1張,多1張,空1.5808823529411764張,空1.5808823529411764張,445249.7946590354
2020-06-12,多1張,多2張,空1.5808823529411764張,空3.161764705882353張,445249.7946590354
2020-06-15,多1張,多3張,空1.5750370768928494張,空4.736801782775203張,445249.7946590354
2020-06-16,多1張,多4張,空1.5855456525569769張,空6.32234743533218張,445249.7946590354
2020-06-17,多1張,多5張,空1.5976331833619286張,空7.919980618694108張,445249.7946590354
2020-06-18,多1張,多6張,空1.6116942254135336張,空9.531674844107641張,445249.7946590354
2020-06-19,多1張,多7張,空1.611445734595008張,空11.14312057870265張,445249.7946590354
2020-06-24,多1張,多8張,空1.6119402985074627張,空12.755060877210113張,445249.7946590354
2020-06-29,多1張,多9張,空1.6097922370981532張,空14.364853114308266張,445249.7946590354
2020-06-30,0,平倉9張,0,平倉14.364853114308266張,460130.66611929686
2020-07-01,0,平倉0張,0,平倉0張,460130.66611929686
2020-07-02,0,平倉0張,0,平倉0張,460130.66611929686
2020-07-03,0,平倉0張,0,平倉0張,460130.66611929686
2020-07-06,0,平倉0張,0,平倉0張,460130.66611929686
2020-07-08,空1張,空1張,多1.6690752168674228張,多1.6690752168674228張,460130.66611929686
2020-07-09,空1張,空2張,多1.6787789965648692張,多3.347854213432292張,460130.66611929686
2020-07-10,空1張,空3張,多1.6909621484245525張,多5.038816361856845張,460130.66611929686
2020-07-13,空1張,空4張,多1.681159420289855張,多6.719975782146699張,460130.66611929686
2020-07-14,空1張,空5張,多1.7522659404350125張,多8.472241722581712張,460130.66611929686
2020-07-15,空1張,空6張,多1.7575757575757576張,多10.22981748015747張,460130.66611929686
2020-07-16,空1張,空7張,多1.745788587482913張,多11.975606067640383張,460130.66611929686
2020-07-17,空1張,空8張,多1.651305734295107張,多13.62691180193549張,460130.66611929686
2020-07-20,空1張,空9張,多1.656394401960111張,多15.2833062038956張,460130.66611929686
2020-07-21,空1張,空10張,多1.6640625張,多16.9473687038956張,460130.66611929686
2020-07-22,空1張,空11張,多1.671875張,多18.6192437038956張,460130.66611929686
2020-07-23,空1張,空12張,多1.6718995027959263張,多20.291143206691526張,460130.66611929686
2020-07-24,空1張,空13張,多1.669291338582677張,多21.960434545274204張,460130.66611929686
2020-07-27,空1張,空14張,多1.677316347518094張,多23.637750892792297張,460130.66611929686
2020-07-28,空1張,空15張,多1.6964286265074229張,多25.33417951929972張,460130.66611929686
2020-07-29,空1張,空16張,多1.6962842747565663張,多27.03046379405629張,460130.66611929686
2020-07-30,空1張,空17張,多1.6693163221203078張,多28.699780116176598張,460130.66611929686
2020-07-31,空1張,空18張,多1.6640254093193474張,多30.363805525495945張,460130.66611929686
2020-08-03,空1張,空19張,多1.6720256965912268張,多32.03583122208717張,460130.66611929686
2020-08-04,空1張,空20張,多1.66134190611316張,多33.697173128200326張,460130.66611929686
2020-08-05,空1張,空21張,多1.6693291268156272張,多35.36650225501595張,460130.66611929686
2020-08-06,空1張,空22張,多1.664張,多37.03050225501595張,460130.66611929686
2020-08-07,空1張,空23張,多1.6693548387096775張,多38.69985709372563張,460130.66611929686
2020-08-10,空1張,空24張,多1.6586151902935649張,多40.3584722840192張,460130.66611929686
2020-08-11,空1張,空25張,多1.653225806451613張,多42.011698090470816張,460130.66611929686
2020-08-12,空1張,空26張,多1.6532905562325932張,多43.66498864670341張,460130.66611929686
2020-08-14,0,平倉26張,0,平倉43.66498864670341張,507847.58288516896
2020-08-17,0,平倉0張,0,平倉0張,507847.58288516896
2020-08-18,0,平倉0張,0,平倉0張,507847.58288516896
2020-08-19,多1張,多1張,空1.6401274146517104張,空1.6401274146517104張,507847.58288516896
2020-08-20,0,平倉1張,0,平倉1.6401274146517104張,508532.958594371
2020-08-21,0,平倉0張,0,平倉0張,508532.958594371
2020-08-24,0,平倉0張,0,平倉0張,508532.958594371
2020-08-25,0,平倉0張,0,平倉0張,508532.958594371
2020-08-27,0,平倉0張,0,平倉0張,508532.958594371
2020-08-31,空1張,空1張,多1.6557912178758762張,多1.6557912178758762張,508532.958594371
2020-09-01,空1張,空2張,多1.6557912178758762張,多3.3115824357517525張,508532.958594371
2020-09-02,空1張,空3張,多1.6639344262295082張,多4.97551686198126張,508532.958594371
2020-09-03,空1張,空4張,多1.661184237848425張,多6.636701099829685張,508532.958594371
2020-09-04,空1張,空5張,多1.661184237848425張,多8.29788533767811張,508532.958594371
2020-09-07,0,平倉5張,0,平倉8.29788533767811張,513234.6654482795
2020-09-08,0,平倉0張,0,平倉0張,513234.6654482795
2020-09-09,0,平倉0張,0,平倉0張,513234.6654482795
2020-09-10,多1張,多1張,空1.5948963063014943張,空1.5948963063014943張,513234.6654482795
2020-09-11,多1張,多2張,空1.5952380952380953張,空3.1901344015395896張,513234.6654482795
2020-09-14,多1張,多3張,空1.6028707878330017張,空4.793005189372591張,513234.6654482795
2020-09-15,多1張,多4張,空1.6103060099937523張,空6.403311199366343張,513234.6654482795
2020-09-16,多1張,多5張,空1.592356713254088張,空7.995667912620432張,513234.6654482795
2020-09-17,多1張,多6張,空1.595199952張,空9.590867864620432張,513234.6654482795
2020-09-18,多1張,多7張,空1.6126417890981881張,空11.20350965371862張,513234.6654482795
2020-09-21,多1張,多8張,空1.5951613225806451張,空12.798670976299265張,513234.6654482795
2020-09-22,多1張,多9張,空1.6137479742634362張,空14.412418950562701張,513234.6654482795
2020-09-23,多1張,多10張,空1.6059113265710567張,空16.018330277133757張,513234.6654482795
2020-09-24,多1張,多11張,空1.6066667000000001張,空17.62499697713376張,513234.6654482795
2020-09-25,多1張,多12張,空1.593080649207897張,空19.218077626341657張,513234.6654482795
2020-09-28,多1張,多13張,空1.578861756097561張,空20.796939382439216張,513234.6654482795
2020-09-29,多1張,多14張,空1.5849672943632795張,空22.381906676802497張,513234.6654482795
2020-09-30,多1張,多15張,空1.5836065245901638張,空23.96551320139266張,513234.6654482795
2020-10-05,多1張,多16張,空1.5691056910569106張,空25.534618892449572張,513234.6654482795
2020-10-06,多1張,多17張,空1.564516129032258張,空27.09913502148183張,513234.6654482795
2020-10-07,多1張,多18張,空1.5739837886178862張,空28.673118810099716張,513234.6654482795
2020-10-08,多1張,多19張,空1.583333340141612張,空30.256452150241326張,513234.6654482795
2020-10-12,多1張,多20張,空1.5810147489693862張,空31.837466899210714張,513234.6654482795
2020-10-13,多1張,多21張,空1.5763546280343308張,空33.41382152724505張,513234.6654482795
2020-10-14,多1張,多22張,空1.5986733598453293張,空35.01249488709038張,513234.6654482795
2020-10-15,多1張,多23張,空1.6張,空36.61249488709038張,513234.6654482795
2020-10-16,多1張,多24張,空1.5833333333333333張,空38.195828220423714張,513234.6654482795
2020-10-19,多1張,多25張,空1.5916666666666666張,空39.78749488709038張,513234.6654482795
2020-10-20,多1張,多26張,空1.5854062949486947張,空41.37290118203908張,513234.6654482795
2020-10-21,多1張,多27張,空1.6066667000000001張,空42.97956788203908張,513234.6654482795
2020-10-22,多1張,多28張,空1.6362125974051063張,空44.61578047944418張,513234.6654482795
2020-10-26,0,平倉28張,0,平倉44.61578047944418張,570343.3206602063
2020-10-27,0,平倉0張,0,平倉0張,570343.3206602063
2020-10-28,0,平倉0張,0,平倉0張,570343.3206602063
2020-10-29,0,平倉0張,0,平倉0張,570343.3206602063
2020-10-30,0,平倉0張,0,平倉0張,570343.3206602063
2020-11-02,0,平倉0張,0,平倉0張,570343.3206602063
2020-11-03,0,平倉0張,0,平倉0張,570343.3206602063
2020-11-04,0,平倉0張,0,平倉0張,570343.3206602063
2020-11-05,0,平倉0張,0,平倉0張,570343.3206602063
2020-11-06,0,平倉0張,0,平倉0張,570343.3206602063
2020-11-09,空1張,空1張,多1.65024625122344張,多1.65024625122344張,570343.3206602063
2020-11-10,空1張,空2張,多1.6344261803278688張,多3.284672431551309張,570343.3206602063
2020-11-11,空1張,空3張,多1.6231647899374355張,多4.9078372214887445張,570343.3206602063
2020-11-12,空1張,空4張,多1.6311475409836065張,多6.538984762472351張,570343.3206602063
2020-11-13,空1張,空5張,多1.624590131147541張,多8.163574893619892張,570343.3206602063
2020-11-16,空1張,空6張,多1.6205211198527323張,多9.784096013472624張,570343.3206602063
2020-11-17,空1張,空7張,多1.6229508196721312張,多11.407046833144754張,570343.3206602063
2020-11-18,空1張,空8張,多1.631751231808551張,多13.038798064953305張,570343.3206602063
2020-11-19,空1張,空9張,多1.6338258905147491張,多14.672623955468055張,570343.3206602063
2020-11-20,空1張,空10張,多1.6332237604148645張,多16.30584771588292張,570343.3206602063
2020-11-23,空1張,空11張,多1.6258169668984155張,多17.931664682781335張,570343.3206602063
2020-11-24,空1張,空12張,多1.6326193800227449張,多19.56428406280408張,570343.3206602063
2020-11-25,空1張,空13張,多1.618032737704918張,多21.182316800509張,570343.3206602063
2020-11-26,空1張,空14張,多1.627450921120083張,多22.809767721629083張,570343.3206602063
2020-11-27,空1張,空15張,多1.6209149571745922張,多24.430682678803674張,570343.3206602063
2020-11-30,0,平倉15張,0,平倉24.430682678803674張,624311.7134741117
2020-12-01,0,平倉0張,0,平倉0張,624311.7134741117
2020-12-02,0,平倉0張,0,平倉0張,624311.7134741117
2020-12-03,0,平倉0張,0,平倉0張,624311.7134741117
2020-12-04,0,平倉0張,0,平倉0張,624311.7134741117
2020-12-08,0,平倉0張,0,平倉0張,624311.7134741117
2020-12-09,多1張,多1張,空1.603278737704918張,空1.603278737704918張,624311.7134741117
2020-12-11,0,平倉1張,0,平倉1.603278737704918張,624992.3916025505
2020-12-14,0,平倉0張,0,平倉0張,624992.3916025505
2020-12-15,0,平倉0張,0,平倉0張,624992.3916025505
2020-12-17,空1張,空1張,多1.6156350776666097張,多1.6156350776666097張,624992.3916025505
2020-12-18,空1張,空2張,多1.638613964970758張,多3.254249042637368張,624992.3916025505
2020-12-21,空1張,空3張,多1.6162601951219513張,多4.870509237759319張,624992.3916025505
2020-12-22,空1張,空4張,多1.6202946520554715張,多6.49080388981479張,624992.3916025505
2020-12-25,空1張,空5張,多1.6250000760690804張,多8.11580396588387張,624992.3916025505
2020-12-28,空1張,空6張,多1.6231647899374355張,多9.738968755821306張,624992.3916025505
2020-12-29,0,平倉6張,0,平倉9.738968755821306張,627266.5315888695
2020-12-30,0,平倉0張,0,平倉0張,627266.5315888695
2020-12-31,0,平倉0張,0,平倉0張,627266.5315888695
2021-01-04,0,平倉0張,0,平倉0張,627266.5315888695
2021-01-05,多1張,多1張,空1.6156350776666097張,空1.6156350776666097張,627266.5315888695
2021-01-06,多1張,多2張,空1.608482864738709張,空3.224117942405319張,627266.5315888695
2021-01-07,多1張,多3張,空1.600977195407909張,空4.825095137813228張,627266.5315888695
2021-01-08,多1張,多4張,空1.6048387096774193張,空6.429933847490647張,627266.5315888695
2021-01-11,多1張,多5張,空1.6032258387096774張,空8.033159686200325張,627266.5315888695
2021-01-12,多1張,多6張,空1.6032258387096774張,空9.636385524910002張,627266.5315888695
2021-01-13,多1張,多7張,空1.5843949296878173張,空11.22078045459782張,627266.5315888695
2021-01-14,多1張,多8張,空1.6012861157349498張,空12.82206657033277張,627266.5315888695
2021-01-15,多1張,多9張,空1.6166394717233192張,空14.43870604205609張,627266.5315888695
2021-01-18,多1張,多10張,空1.610114169822417張,空16.048820211878507張,627266.5315888695
2021-01-19,多1張,多11張,空1.6098360163934426張,空17.65865622827195張,627266.5315888695
2021-01-20,多1張,多12張,空1.6135987498109245張,空19.272254978082877張,627266.5315888695
2021-01-21,多1張,多13張,空1.6092714202228007張,空20.881526398305677張,627266.5315888695
2021-01-22,多1張,多14張,空1.6009932748015472張,空22.482519673107223張,627266.5315888695
2021-01-25,多1張,多15張,空1.6085527073775117張,空24.091072380484736張,627266.5315888695
2021-01-26,多1張,多16張,空1.607260812120819張,空25.698333192605556張,627266.5315888695
2021-01-27,多1張,多17張,空1.601990043150747張,空27.300323235756302張,627266.5315888695
2021-01-28,多1張,多18張,空1.6146178635445536張,空28.914941099300854張,627266.5315888695
2021-01-29,多1張,多19張,空1.6033332833333334張,空30.51827438263419張,627266.5315888695
2021-02-01,多1張,多20張,空1.6083333333333334張,空32.12660771596752張,627266.5315888695
2021-02-02,多1張,多21張,空1.6106490219849925張,空33.737256737952514張,627266.5315888695
2021-02-03,多1張,多22張,空1.6076794621809862張,空35.3449362001335張,627266.5315888695
2021-02-04,多1張,多23張,空1.6050000500000001張,空36.949936250133504張,627266.5315888695
2021-02-18,多1張,多24張,空1.6013289102769284張,空38.55126516041043張,627266.5315888695
2021-02-19,多1張,多25張,空1.6033332833333334張,空40.154598443743765張,627266.5315888695
2021-02-22,多1張,多26張,空1.6033332833333334張,空41.7579317270771張,627266.5315888695
2021-02-23,0,平倉26張,0,平倉41.7579317270771張,654225.8956281842
2021-02-24,0,平倉0張,0,平倉0張,654225.8956281842
2021-02-25,0,平倉0張,0,平倉0張,654225.8956281842
2021-02-26,0,平倉0張,0,平倉0張,654225.8956281842
2021-03-02,0,平倉0張,0,平倉0張,654225.8956281842
2021-03-04,多1張,多1張,空1.5806451612903225張,空1.5806451612903225張,654225.8956281842
2021-03-05,多1張,多2張,空1.562300417325892張,空3.1429455786162146張,654225.8956281842
2021-03-08,多1張,多3張,空1.571658633547782張,空4.714604212163996張,654225.8956281842
2021-03-09,多1張,多4張,空1.5675674859279018張,空6.282171698091898張,654225.8956281842
2021-03-10,多1張,多5張,空1.5671405776799459張,空7.849312275771844張,654225.8956281842
2021-03-11,多1張,多6張,空1.5657687184078835張,空9.415080994179727張,654225.8956281842
2021-03-12,多1張,多7張,空1.5723370247269626張,空10.98741801890669張,654225.8956281842
2021-03-15,多1張,多8張,空1.5670926698751653張,空12.554510688781855張,654225.8956281842
2021-03-16,多1張,多9張,空1.5682540158730158張,空14.122764704654871張,654225.8956281842
2021-03-17,多1張,多10張,空1.566666619047619張,空15.68943132370249張,654225.8956281842
2021-03-18,多1張,多11張,空1.5576619203422104張,空17.2470932440447張,654225.8956281842
2021-03-19,多1張,多12張,空1.5353218440294845張,空18.782415088074185張,654225.8956281842
2021-03-22,多1張,多13張,空1.5548489648696673張,空20.33726405294385張,654225.8956281842
2021-03-23,多1張,多14張,空1.5550238986439568張,空21.892287951587807張,654225.8956281842
2021-03-24,多1張,多15張,空1.5451664515108225張,空23.43745440309863張,654225.8956281842
2021-03-25,多1張,多16張,空1.5427214945771914張,空24.98017589767582張,654225.8956281842
2021-03-26,多1張,多17張,空1.561014312551959張,空26.54119021022778張,654225.8956281842
2021-03-29,多1張,多18張,空1.5583596196101066張,空28.099549829837883張,654225.8956281842
2021-03-30,多1張,多19張,空1.550156795457003張,空29.649706625294886張,654225.8956281842
2021-03-31,多1張,多20張,空1.5319812802490258張,空31.18168790554391張,654225.8956281842
2021-04-01,多1張,多21張,空1.5319812802490258張,空32.71366918579294張,654225.8956281842
2021-04-07,多1張,多22張,空1.5114503816793894張,空34.225119567472326張,654225.8956281842
2021-04-08,多1張,多23張,空1.5169752847079343張,空35.74209485218026張,654225.8956281842
2021-04-09,多1張,多24張,空1.5061349926135734張,空37.24822984479383張,654225.8956281842
2021-04-12,多1張,多25張,空1.5007656278361885張,空38.74899547263002張,654225.8956281842
2021-04-13,多1張,多26張,空1.506116161892472張,空40.25511163452249張,654225.8956281842
2021-04-14,多1張,多27張,空1.5114853363789278張,空41.76659697090142張,654225.8956281842
2021-04-15,多1張,多28張,空1.5076220276714034張,空43.27421899857282張,654225.8956281842
2021-04-16,多1張,多29張,空1.507598669866322張,空44.78181766843914張,654225.8956281842
2021-04-19,多1張,多30張,空1.514415781049597張,空46.29623344948874張,654225.8956281842
2021-04-20,多1張,多31張,空1.5240240697905125張,空47.82025751927925張,654225.8956281842
2021-04-21,多1張,多32張,空1.5067466944563732張,空49.32700421373563張,654225.8956281842
2021-04-22,多1張,多33張,空1.5165165620575545張,空50.84352077579318張,654225.8956281842
2021-04-23,多1張,多34張,空1.5165165620575545張,空52.360037337850734張,654225.8956281842
2021-04-26,多1張,多35張,空1.5210842915336056張,空53.88112162938434張,654225.8956281842
2021-04-27,多1張,多36張,空1.5349543373121122張,空55.416075966696454張,654225.8956281842
2021-04-28,多1張,多37張,空1.5437788492712397張,空56.959854815967695張,654225.8956281842
2021-04-29,多1張,多38張,空1.5360983574838205張,空58.49595317345152張,654225.8956281842
2021-05-03,多1張,多39張,空1.5496894394506386張,空60.04564261290216張,654225.8956281842
2021-05-04,多1張,多40張,空1.5508606400356606張,空61.596503252937815張,654225.8956281842
2021-05-05,多1張,多41張,空1.539657781975531張,空63.13616103491334張,654225.8956281842
2021-05-06,多1張,多42張,空1.5384615384615385張,空64.67462257337488張,654225.8956281842
2021-05-07,多1張,多43張,空1.5320122418296416張,空66.20663481520452張,654225.8956281842
2021-05-10,多1張,多44張,空1.5227272727272727張,空67.72936208793179張,654225.8956281842
2021-05-11,多1張,多45張,空1.5250378899836756張,空69.25439997791547張,654225.8956281842
2021-05-12,多1張,多46張,空1.53750003125張,空70.79190000916547張,654225.8956281842
2021-05-13,多1張,多47張,空1.5371248742041845張,空72.32902488336966張,654225.8956281842
2021-05-14,多1張,多48張,空1.5362094595929288張,空73.86523434296258張,654225.8956281842
2021-05-17,多1張,多49張,空1.551401910501647張,空75.41663625346423張,654225.8956281842
2021-05-18,0,平倉49張,0,平倉75.41663625346423張,723061.1712604469
2021-05-19,0,平倉0張,0,平倉0張,723061.1712604469
2021-05-20,0,平倉0張,0,平倉0張,723061.1712604469
2021-05-21,空1張,空1張,多1.5634675406646297張,多1.5634675406646297張,723061.1712604469
2021-05-24,空1張,空2張,多1.5576324715404584張,多3.121100012205088張,723061.1712604469
2021-05-25,空1張,空3張,多1.550387596899225張,多4.671487609104313張,723061.1712604469
2021-05-26,空1張,空4張,多1.5505442044847182張,多6.222031813589031張,723061.1712604469
2021-05-27,0,平倉4張,0,平倉6.222031813589031張,730009.1262937182
2021-05-28,0,平倉0張,0,平倉0張,730009.1262937182
2021-05-31,0,平倉0張,0,平倉0張,730009.1262937182
2021-06-01,0,平倉0張,0,平倉0張,730009.1262937182
2021-06-02,0,平倉0張,0,平倉0張,730009.1262937182
2021-06-03,空1張,空1張,多1.5390504652809893張,多1.5390504652809893張,730009.1262937182
2021-06-07,0,平倉1張,0,平倉1.5390504652809893張,729683.038304942
2021-06-08,0,平倉0張,0,平倉0張,729683.038304942
2021-06-09,0,平倉0張,0,平倉0張,729683.038304942
2021-06-10,空1張,空1張,多1.577743950540974張,多1.577743950540974張,729683.038304942
2021-06-11,空1張,空2張,多1.577743950540974張,多3.155487901081948張,729683.038304942
2021-06-15,空1張,空3張,多1.5648854961832062張,多4.7203733972651545張,729683.038304942
2021-06-16,空1張,空4張,多1.5553869027196692張,多6.275760299984824張,729683.038304942
2021-06-17,空1張,空5張,多1.5672782395327756張,多7.843038539517599張,729683.038304942
2021-06-18,空1張,空6張,多1.56105107701937張,多9.40408961653697張,729683.038304942
2021-06-21,空1張,空7張,多1.5712074789847517張,多10.975297095521722張,729683.038304942
2021-06-22,空1張,空8張,多1.5615384615384615張,多12.536835557060183張,729683.038304942
2021-06-23,空1張,空9張,多1.5644172498964992張,多14.101252806956682張,729683.038304942
2021-06-24,空1張,空10張,多1.5596329798277375張,多15.66088578678442張,729683.038304942
2021-06-25,空1張,空11張,多1.5672782395327756張,多17.228164026317195張,729683.038304942
2021-06-28,空1張,空12張,多1.5668203246334969張,多18.794984350950692張,729683.038304942
2021-06-29,空1張,空13張,多1.5769230769230769張,多20.37190742787377張,729683.038304942
2021-06-30,空1張,空14張,多1.5789474173048736張,多21.950854845178643張,729683.038304942
2021-07-01,空1張,空15張,多1.5789474173048736張,多23.529802262483518張,729683.038304942
2021-07-02,空1張,空16張,多1.5765070282769875張,多25.106309290760507張,729683.038304942
2021-07-05,空1張,空17張,多1.5696783352368298張,多26.675987625997337張,729683.038304942
2021-07-06,空1張,空18張,多1.5692307692307692張,多28.245218395228108張,729683.038304942
2021-07-07,空1張,空19張,多1.5769230769230769張,多29.822141472151184張,729683.038304942
2021-07-08,空1張,空20張,多1.574500816420916張,多31.3966422885721張,729683.038304942
2021-07-09,空1張,空21張,多1.5749234992378134張,多32.971565787809915張,729683.038304942
2021-07-12,空1張,空22張,多1.5668203246334969張,多34.53838611244341張,729683.038304942
2021-07-13,空1張,空23張,多1.57733530272579張,多36.115721415169205張,729683.038304942
2021-07-14,空1張,空24張,多1.574500816420916張,多37.69022223159012張,729683.038304942
2021-07-15,空1張,空25張,多1.5720859619057959張,多39.26230819349592張,729683.038304942
2021-07-16,空1張,空26張,多1.5596329798277375張,多40.82194117332366張,729683.038304942
2021-07-19,空1張,空27張,多1.5672782395327756張,多42.389219412856434張,729683.038304942
2021-07-20,空1張,空28張,多1.5620213677478696張,多43.9512407806043張,729683.038304942
2021-07-21,空1張,空29張,多1.5672782395327756張,多45.51851902013708張,729683.038304942
2021-07-23,0,平倉29張,0,平倉45.51851902013708張,509330.30343848804
2021-07-27,空1張,空1張,多1.71334428808329張,多1.71334428808329張,509330.30343848804
2021-07-28,空1張,空2張,多1.71900826446281張,多3.4323525525461003張,509330.30343848804
2021-07-29,空1張,空3張,多1.724422499155858張,多5.156775051701958張,509330.30343848804
2021-07-30,空1張,空4張,多1.7161716738010453張,多6.872946725503003張,509330.30343848804
2021-08-02,空1張,空5張,多1.7073170731707317張,多8.580263798673736張,509330.30343848804
2021-08-03,空1張,空6張,多1.7263843085868302張,多10.306648107260566張,509330.30343848804
2021-08-04,空1張,空7張,多1.7483659845038237張,多12.05501409176439張,509330.30343848804
2021-08-05,空1張,空8張,多1.7699837156604195張,多13.82499780742481張,509330.30343848804
2021-08-06,空1張,空9張,多1.7733989565386221張,多15.598396763963432張,509330.30343848804
2021-08-09,空1張,空10張,多1.756978595829931張,多17.355375359793364張,509330.30343848804
2021-08-10,空1張,空11張,多1.7483659845038237張,多19.103741344297188張,509330.30343848804
2021-08-11,空1張,空12張,多1.7398373983739837張,多20.84357874267117張,509330.30343848804
2021-08-12,空1張,空13張,多1.7426709530074609張,多22.58624969567863張,509330.30343848804
2021-08-13,空1張,空14張,多1.7263843085868302張,多24.312634004265462張,509330.30343848804
2021-08-16,空1張,空15張,多1.7184943279376212張,多26.03112833220308張,509330.30343848804
2021-08-17,空1張,空16張,多1.7184943279376212張,多27.7496226601407張,509330.30343848804
2021-08-18,空1張,空17張,多1.715686246475715張,多29.465308906616418張,509330.30343848804
2021-08-19,空1張,空18張,多1.696869823774797張,多31.162178730391215張,509330.30343848804
2021-08-20,空1張,空19張,多1.680463520514453張,多32.84264225090567張,509330.30343848804
2021-08-23,空1張,空20張,多1.6043046157515028張,多34.44694686665717張,509330.30343848804
2021-08-24,0,平倉20張,0,平倉34.44694686665717張,641367.044247174
2021-08-25,0,平倉0張,0,平倉0張,641367.044247174
2021-08-26,0,平倉0張,0,平倉0張,641367.044247174
2021-08-27,多1張,多1張,空1.6192809866130558張,空1.6192809866130558張,641367.044247174
2021-08-30,多1張,多2張,空1.623778399876925張,空3.243059386489981張,641367.044247174
2021-08-31,0,平倉2張,0,平倉3.243059386489981張,643022.0667818066
2021-09-01,0,平倉0張,0,平倉0張,643022.0667818066
2021-09-02,0,平倉0張,0,平倉0張,643022.0667818066
2021-09-03,0,平倉0張,0,平倉0張,643022.0667818066
2021-09-06,0,平倉0張,0,平倉0張,643022.0667818066
2021-09-07,多1張,多1張,空1.6227347343865777張,空1.6227347343865777張,643022.0667818066
2021-09-08,多1張,多2張,空1.630541867634093張,空3.2532766020206707張,643022.0667818066
2021-09-09,多1張,多3張,空1.6307946479869322張,空4.884071250007603張,643022.0667818066
2021-09-10,多1張,多4張,空1.6402641135400697張,空6.524335363547673張,643022.0667818066
2021-09-13,多1張,多5張,空1.630541867634093張,空8.154877231181766張,643022.0667818066
2021-09-14,多1張,多6張,空1.6282895004652878張,空9.783166731647054張,643022.0667818066
2021-09-15,多1張,多7張,空1.6262294590163935張,空11.409396190663447張,643022.0667818066
2021-09-16,多1張,多8張,空1.6256157101604036張,空13.03501190082385張,643022.0667818066
2021-09-17,多1張,多9張,空1.641914245607731張,空14.676926146431581張,643022.0667818066
2021-09-22,多1張,多10張,空1.621710520093923張,空16.298636666525503張,643022.0667818066
2021-09-23,多1張,多11張,空1.6301145869104612張,空17.928751253435966張,643022.0667818066
2021-09-24,多1張,多12張,空1.6280588030678436張,空19.55681005650381張,643022.0667818066
2021-09-27,多1張,多13張,空1.6264273837916374張,空21.183237440295446張,643022.0667818066
2021-09-28,多1張,多14張,空1.619512162601626張,空22.802749602897073張,643022.0667818066
2021-09-29,多1張,多15張,空1.6146341951219514張,空24.417383798019024張,643022.0667818066
2021-09-30,多1張,多16張,空1.6081301138211381張,空26.02551391184016張,643022.0667818066
2021-10-01,多1張,多17張,空1.608482864738709張,空27.63399677657887張,643022.0667818066
2021-10-04,多1張,多18張,空1.6143791076081846張,空29.248375884187052張,643022.0667818066
2021-10-05,多1張,多19張,空1.6182707768070272張,空30.86664666099408張,643022.0667818066
2021-10-06,多1張,多20張,空1.613008081300813張,空32.47965474229489張,643022.0667818066
2021-10-07,多1張,多21張,空1.6077795039257778張,空34.08743424622067張,643022.0667818066
2021-10-08,多1張,多22張,空1.602917348413009張,空35.690351594633675張,643022.0667818066
2021-10-12,多1張,多23張,空1.6071429093228218張,空37.2974945039565張,643022.0667818066
2021-10-13,多1張,多24張,空1.6065041138211382張,空38.90399861777764張,643022.0667818066
2021-10-14,多1張,多25張,空1.6035889821140128張,空40.50758759989165張,643022.0667818066
2021-10-15,多1張,多26張,空1.6006493701509537張,空42.108236970042604張,643022.0667818066
2021-10-18,多1張,多27張,空1.5983740325203253張,空43.70661100256293張,643022.0667818066
2021-10-19,多1張,多28張,空1.6029411175990014張,空45.30955212016193張,643022.0667818066
2021-10-20,多1張,多29張,空1.6000000325203252張,空46.90955215268226張,643022.0667818066
2021-10-21,多1張,多30張,空1.6104747172004819張,空48.52002686988274張,643022.0667818066
2021-10-22,多1張,多31張,空1.6000000325203252張,空50.12002690240307張,643022.0667818066
2021-10-25,多1張,多32張,空1.5974026817338534張,空51.71742958413692張,643022.0667818066
2021-10-26,多1張,多33張,空1.5948136208296009張,空53.31224320496652張,643022.0667818066
2021-10-27,多1張,多34張,空1.595121918699187張,空54.907365123665706張,643022.0667818066
2021-10-28,多1張,多35張,空1.594155847212852張,空56.50152097087856張,643022.0667818066
2021-10-29,多1張,多36張,空1.6029411175990014張,空58.10446208847756張,643022.0667818066
2021-11-01,多1張,多37張,空1.6000000325203252張,空59.70446212099789張,643022.0667818066
2021-11-02,多1張,多38張,空1.5883306063479643張,空61.292792727345855張,643022.0667818066
2021-11-03,多1張,多39張,空1.5974026817338534張,空62.89019540907971張,643022.0667818066
2021-11-04,多1張,多40張,空1.5948136208296009張,空64.4850090299093張,643022.0667818066
2021-11-05,多1張,多41張,空1.598387064516129張,空66.08339609442544張,643022.0667818066
2021-11-08,多1張,多42張,空1.5782748587308262張,空67.66167095315626張,643022.0667818066
2021-11-09,多1張,多43張,空1.5682540158730158張,空69.22992496902927張,643022.0667818066
2021-11-10,多1張,多44張,空1.563091401795224張,空70.79301637082449張,643022.0667818066
2021-11-11,多1張,多45張,空1.549844309182756張,空72.34286068000725張,643022.0667818066
2021-11-12,多1張,多46張,空1.5553822170166058張,空73.89824289702385張,643022.0667818066
2021-11-15,多1張,多47張,空1.562695902236613張,空75.46093879926046張,643022.0667818066
2021-11-16,多1張,多48張,空1.5552098807833648張,空77.01614868004383張,643022.0667818066
2021-11-17,多1張,多49張,空1.5605589577466161張,空78.57670763779045張,643022.0667818066
2021-11-18,多1張,多50張,空1.5461538461538462張,空80.12286148394429張,643022.0667818066
2021-11-19,多1張,多51張,空1.5600624511719954張,空81.68292393511629張,643022.0667818066
2021-11-22,多1張,多52張,空1.563091401795224張,空83.24601533691151張,643022.0667818066
2021-11-23,多1張,多53張,空1.5548589115181648張,空84.80087424842968張,643022.0667818066
2021-11-24,多1張,多54張,空1.544600843674465張,空86.34547509210414張,643022.0667818066
2021-11-25,多1張,多55張,空1.5583596196101066張,空87.90383471171424張,643022.0667818066
2021-11-26,多1張,多56張,空1.5546751364397824張,空89.45850984815402張,643022.0667818066
2021-11-29,多1張,多57張,空1.571199952張,空91.02970980015402張,643022.0667818066
2021-11-30,多1張,多58張,空1.5772357723577235張,空92.60694557251175張,643022.0667818066
2021-12-01,多1張,多59張,空1.5627980902130973張,空94.16974366272484張,643022.0667818066
2021-12-02,多1張,多60張,空1.5583596196101066張,空95.72810328233494張,643022.0667818066
2021-12-03,多1張,多61張,空1.5627980902130973張,空97.29090137254803張,643022.0667818066
2021-12-06,多1張,多62張,空1.5654952576835546張,空98.85639663023159張,643022.0667818066
2021-12-07,多1張,多63張,空1.5503144827142918張,空100.40671111294589張,643022.0667818066
2021-12-08,多1張,多64張,空1.5675674859279018張,空101.97427859887378張,643022.0667818066
2021-12-09,多1張,多65張,空1.5632911619732413張,空103.53756976084702張,643022.0667818066
2021-12-10,多1張,多66張,空1.570287638028359張,空105.10785739887538張,643022.0667818066
2021-12-13,多1張,多67張,空1.568張,空106.67585739887538張,643022.0667818066
2021-12-14,多1張,多68張,空1.5596183605844718張,空108.23547575945985張,643022.0667818066
2021-12-15,多1張,多69張,空1.5596183605844718張,空109.79509412004431張,643022.0667818066
2021-12-16,多1張,多70張,空1.5576619203422104張,空111.35275604038652張,643022.0667818066
2021-12-17,多1張,多71張,空1.5574803464566929張,空112.91023638684322張,643022.0667818066
2021-12-20,多1張,多72張,空1.5496063307086614張,空114.45984271755188張,643022.0667818066
2021-12-21,多1張,多73張,空1.548589412987295張,空116.00843213053918張,643022.0667818066
2021-12-22,多1張,多74張,空1.5548589115181648張,空117.56329104205734張,643022.0667818066
2021-12-23,多1張,多75張,空1.5571204520463082張,空119.12041149410365張,643022.0667818066
2021-12-24,多1張,多76張,空1.5618153345284715張,空120.68222682863212張,643022.0667818066
2021-12-27,多1張,多77張,空1.56093753125張,空122.24316435988213張,643022.0667818066
2021-12-28,多1張,多78張,空1.5629859301872815張,空123.80615029006941張,643022.0667818066
2021-12-29,多1張,多79張,空1.555727602344508張,空125.36187789241391張,643022.0667818066
2021-12-30,多1張,多80張,空1.547987664024386張,空126.9098655564383張,643022.0667818066
